"k","eps","minpts"
4,2,2
6,2,2
8,2,2
10,2,2
12,2,2
14,2,2
16,2,2
18,2,2
20,2,2
22,2,2
24,2,2
26,2,2
28,2,2
30,2,2
32,2,2
34,2,2
36,2,2
38,2,2
40,2,2
42,2,2
44,2,2
46,2,2
48,2,2
50,2,2
NA,3,2
6,4,2
8,4,2
10,4,2
12,4,2
14,4,2
16,4,2
18,4,2
20,4,2
22,4,2
24,4,2
26,4,2
28,4,2
30,4,2
32,4,2
34,4,2
36,4,2
38,4,2
40,4,2
42,4,2
44,4,2
46,4,2
48,4,2
50,4,2
NA,5,2
8,6,2
10,6,2
12,6,2
14,6,2
16,6,2
18,6,2
20,6,2
22,6,2
24,6,2
26,6,2
28,6,2
30,6,2
32,6,2
34,6,2
36,6,2
38,6,2
40,6,2
42,6,2
44,6,2
46,6,2
48,6,2
50,6,2
NA,7,2
10,8,2
12,8,2
14,8,2
16,8,2
18,8,2
20,8,2
22,8,2
24,8,2
26,8,2
28,8,2
30,8,2
32,8,2
34,8,2
36,8,2
38,8,2
40,8,2
42,8,2
44,8,2
46,8,2
48,8,2
50,8,2
NA,9,2
12,10,2
14,10,2
16,10,2
18,10,2
20,10,2
22,10,2
24,10,2
26,10,2
28,10,2
30,10,2
32,10,2
34,10,2
36,10,2
38,10,2
40,10,2
42,10,2
44,10,2
46,10,2
48,10,2
50,10,2
NA,11,2
14,12,2
16,12,2
18,12,2
20,12,2
22,12,2
24,12,2
26,12,2
28,12,2
30,12,2
32,12,2
34,12,2
36,12,2
38,12,2
40,12,2
42,12,2
44,12,2
46,12,2
48,12,2
50,12,2
NA,13,2
16,14,2
18,14,2
20,14,2
22,14,2
24,14,2
26,14,2
28,14,2
30,14,2
32,14,2
34,14,2
36,14,2
38,14,2
40,14,2
42,14,2
44,14,2
46,14,2
48,14,2
50,14,2
NA,15,2
18,16,2
20,16,2
22,16,2
24,16,2
26,16,2
28,16,2
30,16,2
32,16,2
34,16,2
36,16,2
38,16,2
40,16,2
42,16,2
44,16,2
46,16,2
48,16,2
50,16,2
NA,17,2
20,18,2
22,18,2
24,18,2
26,18,2
28,18,2
30,18,2
32,18,2
34,18,2
36,18,2
38,18,2
40,18,2
42,18,2
44,18,2
46,18,2
48,18,2
50,18,2
NA,19,2
22,20,2
24,20,2
26,20,2
28,20,2
30,20,2
32,20,2
34,20,2
36,20,2
38,20,2
40,20,2
42,20,2
44,20,2
46,20,2
48,20,2
50,20,2
NA,21,2
24,22,2
26,22,2
28,22,2
30,22,2
32,22,2
34,22,2
36,22,2
38,22,2
40,22,2
42,22,2
44,22,2
46,22,2
48,22,2
50,22,2
NA,23,2
26,24,2
28,24,2
30,24,2
32,24,2
34,24,2
36,24,2
38,24,2
40,24,2
42,24,2
44,24,2
46,24,2
48,24,2
50,24,2
NA,25,2
28,26,2
30,26,2
32,26,2
34,26,2
36,26,2
38,26,2
40,26,2
42,26,2
44,26,2
46,26,2
48,26,2
50,26,2
NA,27,2
30,28,2
32,28,2
34,28,2
36,28,2
38,28,2
40,28,2
42,28,2
44,28,2
46,28,2
48,28,2
50,28,2
NA,29,2
32,30,2
34,30,2
36,30,2
38,30,2
40,30,2
42,30,2
44,30,2
46,30,2
48,30,2
50,30,2
NA,31,2
34,32,2
36,32,2
38,32,2
40,32,2
42,32,2
44,32,2
46,32,2
48,32,2
50,32,2
NA,33,2
36,34,2
38,34,2
40,34,2
42,34,2
44,34,2
46,34,2
48,34,2
50,34,2
NA,35,2
38,36,2
40,36,2
42,36,2
44,36,2
46,36,2
48,36,2
50,36,2
NA,37,2
40,38,2
42,38,2
44,38,2
46,38,2
48,38,2
50,38,2
NA,39,2
42,40,2
44,40,2
46,40,2
48,40,2
50,40,2
NA,41,2
44,42,2
46,42,2
48,42,2
50,42,2
NA,43,2
46,44,2
48,44,2
50,44,2
NA,45,2
48,46,2
50,46,2
NA,47,2
50,48,2
NA,49,2
NA,2,3
NA,3,3
NA,4,3
NA,5,3
NA,6,3
NA,7,3
NA,8,3
NA,9,3
NA,10,3
NA,11,3
NA,12,3
NA,13,3
NA,14,3
NA,15,3
NA,16,3
NA,17,3
NA,18,3
NA,19,3
NA,20,3
NA,21,3
NA,22,3
NA,23,3
NA,24,3
NA,25,3
NA,26,3
NA,27,3
NA,28,3
NA,29,3
NA,30,3
NA,31,3
NA,32,3
NA,33,3
NA,34,3
NA,35,3
NA,36,3
NA,37,3
NA,38,3
NA,39,3
NA,40,3
NA,41,3
NA,42,3
NA,43,3
NA,44,3
NA,45,3
NA,46,3
NA,47,3
NA,48,3
NA,49,3
6,2,4
8,2,4
10,2,4
12,2,4
14,2,4
16,2,4
18,2,4
20,2,4
22,2,4
24,2,4
26,2,4
28,2,4
30,2,4
32,2,4
34,2,4
36,2,4
38,2,4
40,2,4
42,2,4
44,2,4
46,2,4
48,2,4
50,2,4
NA,3,4
6,4,4
8,4,4
10,4,4
12,4,4
14,4,4
16,4,4
18,4,4
20,4,4
22,4,4
24,4,4
26,4,4
28,4,4
30,4,4
32,4,4
34,4,4
36,4,4
38,4,4
40,4,4
42,4,4
44,4,4
46,4,4
48,4,4
50,4,4
NA,5,4
8,6,4
10,6,4
12,6,4
14,6,4
16,6,4
18,6,4
20,6,4
22,6,4
24,6,4
26,6,4
28,6,4
30,6,4
32,6,4
34,6,4
36,6,4
38,6,4
40,6,4
42,6,4
44,6,4
46,6,4
48,6,4
50,6,4
NA,7,4
10,8,4
12,8,4
14,8,4
16,8,4
18,8,4
20,8,4
22,8,4
24,8,4
26,8,4
28,8,4
30,8,4
32,8,4
34,8,4
36,8,4
38,8,4
40,8,4
42,8,4
44,8,4
46,8,4
48,8,4
50,8,4
NA,9,4
12,10,4
14,10,4
16,10,4
18,10,4
20,10,4
22,10,4
24,10,4
26,10,4
28,10,4
30,10,4
32,10,4
34,10,4
36,10,4
38,10,4
40,10,4
42,10,4
44,10,4
46,10,4
48,10,4
50,10,4
NA,11,4
14,12,4
16,12,4
18,12,4
20,12,4
22,12,4
24,12,4
26,12,4
28,12,4
30,12,4
32,12,4
34,12,4
36,12,4
38,12,4
40,12,4
42,12,4
44,12,4
46,12,4
48,12,4
50,12,4
NA,13,4
16,14,4
18,14,4
20,14,4
22,14,4
24,14,4
26,14,4
28,14,4
30,14,4
32,14,4
34,14,4
36,14,4
38,14,4
40,14,4
42,14,4
44,14,4
46,14,4
48,14,4
50,14,4
NA,15,4
18,16,4
20,16,4
22,16,4
24,16,4
26,16,4
28,16,4
30,16,4
32,16,4
34,16,4
36,16,4
38,16,4
40,16,4
42,16,4
44,16,4
46,16,4
48,16,4
50,16,4
NA,17,4
20,18,4
22,18,4
24,18,4
26,18,4
28,18,4
30,18,4
32,18,4
34,18,4
36,18,4
38,18,4
40,18,4
42,18,4
44,18,4
46,18,4
48,18,4
50,18,4
NA,19,4
22,20,4
24,20,4
26,20,4
28,20,4
30,20,4
32,20,4
34,20,4
36,20,4
38,20,4
40,20,4
42,20,4
44,20,4
46,20,4
48,20,4
50,20,4
NA,21,4
24,22,4
26,22,4
28,22,4
30,22,4
32,22,4
34,22,4
36,22,4
38,22,4
40,22,4
42,22,4
44,22,4
46,22,4
48,22,4
50,22,4
NA,23,4
26,24,4
28,24,4
30,24,4
32,24,4
34,24,4
36,24,4
38,24,4
40,24,4
42,24,4
44,24,4
46,24,4
48,24,4
50,24,4
NA,25,4
28,26,4
30,26,4
32,26,4
34,26,4
36,26,4
38,26,4
40,26,4
42,26,4
44,26,4
46,26,4
48,26,4
50,26,4
NA,27,4
30,28,4
32,28,4
34,28,4
36,28,4
38,28,4
40,28,4
42,28,4
44,28,4
46,28,4
48,28,4
50,28,4
NA,29,4
32,30,4
34,30,4
36,30,4
38,30,4
40,30,4
42,30,4
44,30,4
46,30,4
48,30,4
50,30,4
NA,31,4
34,32,4
36,32,4
38,32,4
40,32,4
42,32,4
44,32,4
46,32,4
48,32,4
50,32,4
NA,33,4
36,34,4
38,34,4
40,34,4
42,34,4
44,34,4
46,34,4
48,34,4
50,34,4
NA,35,4
38,36,4
40,36,4
42,36,4
44,36,4
46,36,4
48,36,4
50,36,4
NA,37,4
40,38,4
42,38,4
44,38,4
46,38,4
48,38,4
50,38,4
NA,39,4
42,40,4
44,40,4
46,40,4
48,40,4
50,40,4
NA,41,4
44,42,4
46,42,4
48,42,4
50,42,4
NA,43,4
46,44,4
48,44,4
50,44,4
NA,45,4
48,46,4
50,46,4
NA,47,4
50,48,4
NA,49,4
NA,2,5
NA,3,5
NA,4,5
NA,5,5
NA,6,5
NA,7,5
NA,8,5
NA,9,5
NA,10,5
NA,11,5
NA,12,5
NA,13,5
NA,14,5
NA,15,5
NA,16,5
NA,17,5
NA,18,5
NA,19,5
NA,20,5
NA,21,5
NA,22,5
NA,23,5
NA,24,5
NA,25,5
NA,26,5
NA,27,5
NA,28,5
NA,29,5
NA,30,5
NA,31,5
NA,32,5
NA,33,5
NA,34,5
NA,35,5
NA,36,5
NA,37,5
NA,38,5
NA,39,5
NA,40,5
NA,41,5
NA,42,5
NA,43,5
NA,44,5
NA,45,5
NA,46,5
NA,47,5
NA,48,5
NA,49,5
8,2,6
10,2,6
12,2,6
14,2,6
16,2,6
18,2,6
20,2,6
22,2,6
24,2,6
26,2,6
28,2,6
30,2,6
32,2,6
34,2,6
36,2,6
38,2,6
40,2,6
42,2,6
44,2,6
46,2,6
48,2,6
50,2,6
NA,3,6
8,4,6
10,4,6
12,4,6
14,4,6
16,4,6
18,4,6
20,4,6
22,4,6
24,4,6
26,4,6
28,4,6
30,4,6
32,4,6
34,4,6
36,4,6
38,4,6
40,4,6
42,4,6
44,4,6
46,4,6
48,4,6
50,4,6
NA,5,6
8,6,6
10,6,6
12,6,6
14,6,6
16,6,6
18,6,6
20,6,6
22,6,6
24,6,6
26,6,6
28,6,6
30,6,6
32,6,6
34,6,6
36,6,6
38,6,6
40,6,6
42,6,6
44,6,6
46,6,6
48,6,6
50,6,6
NA,7,6
10,8,6
12,8,6
14,8,6
16,8,6
18,8,6
20,8,6
22,8,6
24,8,6
26,8,6
28,8,6
30,8,6
32,8,6
34,8,6
36,8,6
38,8,6
40,8,6
42,8,6
44,8,6
46,8,6
48,8,6
50,8,6
NA,9,6
12,10,6
14,10,6
16,10,6
18,10,6
20,10,6
22,10,6
24,10,6
26,10,6
28,10,6
30,10,6
32,10,6
34,10,6
36,10,6
38,10,6
40,10,6
42,10,6
44,10,6
46,10,6
48,10,6
50,10,6
NA,11,6
14,12,6
16,12,6
18,12,6
20,12,6
22,12,6
24,12,6
26,12,6
28,12,6
30,12,6
32,12,6
34,12,6
36,12,6
38,12,6
40,12,6
42,12,6
44,12,6
46,12,6
48,12,6
50,12,6
NA,13,6
16,14,6
18,14,6
20,14,6
22,14,6
24,14,6
26,14,6
28,14,6
30,14,6
32,14,6
34,14,6
36,14,6
38,14,6
40,14,6
42,14,6
44,14,6
46,14,6
48,14,6
50,14,6
NA,15,6
18,16,6
20,16,6
22,16,6
24,16,6
26,16,6
28,16,6
30,16,6
32,16,6
34,16,6
36,16,6
38,16,6
40,16,6
42,16,6
44,16,6
46,16,6
48,16,6
50,16,6
NA,17,6
20,18,6
22,18,6
24,18,6
26,18,6
28,18,6
30,18,6
32,18,6
34,18,6
36,18,6
38,18,6
40,18,6
42,18,6
44,18,6
46,18,6
48,18,6
50,18,6
NA,19,6
22,20,6
24,20,6
26,20,6
28,20,6
30,20,6
32,20,6
34,20,6
36,20,6
38,20,6
40,20,6
42,20,6
44,20,6
46,20,6
48,20,6
50,20,6
NA,21,6
24,22,6
26,22,6
28,22,6
30,22,6
32,22,6
34,22,6
36,22,6
38,22,6
40,22,6
42,22,6
44,22,6
46,22,6
48,22,6
50,22,6
NA,23,6
26,24,6
28,24,6
30,24,6
32,24,6
34,24,6
36,24,6
38,24,6
40,24,6
42,24,6
44,24,6
46,24,6
48,24,6
50,24,6
NA,25,6
28,26,6
30,26,6
32,26,6
34,26,6
36,26,6
38,26,6
40,26,6
42,26,6
44,26,6
46,26,6
48,26,6
50,26,6
NA,27,6
30,28,6
32,28,6
34,28,6
36,28,6
38,28,6
40,28,6
42,28,6
44,28,6
46,28,6
48,28,6
50,28,6
NA,29,6
32,30,6
34,30,6
36,30,6
38,30,6
40,30,6
42,30,6
44,30,6
46,30,6
48,30,6
50,30,6
NA,31,6
34,32,6
36,32,6
38,32,6
40,32,6
42,32,6
44,32,6
46,32,6
48,32,6
50,32,6
NA,33,6
36,34,6
38,34,6
40,34,6
42,34,6
44,34,6
46,34,6
48,34,6
50,34,6
NA,35,6
38,36,6
40,36,6
42,36,6
44,36,6
46,36,6
48,36,6
50,36,6
NA,37,6
40,38,6
42,38,6
44,38,6
46,38,6
48,38,6
50,38,6
NA,39,6
42,40,6
44,40,6
46,40,6
48,40,6
50,40,6
NA,41,6
44,42,6
46,42,6
48,42,6
50,42,6
NA,43,6
46,44,6
48,44,6
50,44,6
NA,45,6
48,46,6
50,46,6
NA,47,6
50,48,6
NA,49,6
NA,2,7
NA,3,7
NA,4,7
NA,5,7
NA,6,7
NA,7,7
NA,8,7
NA,9,7
NA,10,7
NA,11,7
NA,12,7
NA,13,7
NA,14,7
NA,15,7
NA,16,7
NA,17,7
NA,18,7
NA,19,7
NA,20,7
NA,21,7
NA,22,7
NA,23,7
NA,24,7
NA,25,7
NA,26,7
NA,27,7
NA,28,7
NA,29,7
NA,30,7
NA,31,7
NA,32,7
NA,33,7
NA,34,7
NA,35,7
NA,36,7
NA,37,7
NA,38,7
NA,39,7
NA,40,7
NA,41,7
NA,42,7
NA,43,7
NA,44,7
NA,45,7
NA,46,7
NA,47,7
NA,48,7
NA,49,7
10,2,8
12,2,8
14,2,8
16,2,8
18,2,8
20,2,8
22,2,8
24,2,8
26,2,8
28,2,8
30,2,8
32,2,8
34,2,8
36,2,8
38,2,8
40,2,8
42,2,8
44,2,8
46,2,8
48,2,8
50,2,8
NA,3,8
10,4,8
12,4,8
14,4,8
16,4,8
18,4,8
20,4,8
22,4,8
24,4,8
26,4,8
28,4,8
30,4,8
32,4,8
34,4,8
36,4,8
38,4,8
40,4,8
42,4,8
44,4,8
46,4,8
48,4,8
50,4,8
NA,5,8
10,6,8
12,6,8
14,6,8
16,6,8
18,6,8
20,6,8
22,6,8
24,6,8
26,6,8
28,6,8
30,6,8
32,6,8
34,6,8
36,6,8
38,6,8
40,6,8
42,6,8
44,6,8
46,6,8
48,6,8
50,6,8
NA,7,8
10,8,8
12,8,8
14,8,8
16,8,8
18,8,8
20,8,8
22,8,8
24,8,8
26,8,8
28,8,8
30,8,8
32,8,8
34,8,8
36,8,8
38,8,8
40,8,8
42,8,8
44,8,8
46,8,8
48,8,8
50,8,8
NA,9,8
12,10,8
14,10,8
16,10,8
18,10,8
20,10,8
22,10,8
24,10,8
26,10,8
28,10,8
30,10,8
32,10,8
34,10,8
36,10,8
38,10,8
40,10,8
42,10,8
44,10,8
46,10,8
48,10,8
50,10,8
NA,11,8
14,12,8
16,12,8
18,12,8
20,12,8
22,12,8
24,12,8
26,12,8
28,12,8
30,12,8
32,12,8
34,12,8
36,12,8
38,12,8
40,12,8
42,12,8
44,12,8
46,12,8
48,12,8
50,12,8
NA,13,8
16,14,8
18,14,8
20,14,8
22,14,8
24,14,8
26,14,8
28,14,8
30,14,8
32,14,8
34,14,8
36,14,8
38,14,8
40,14,8
42,14,8
44,14,8
46,14,8
48,14,8
50,14,8
NA,15,8
18,16,8
20,16,8
22,16,8
24,16,8
26,16,8
28,16,8
30,16,8
32,16,8
34,16,8
36,16,8
38,16,8
40,16,8
42,16,8
44,16,8
46,16,8
48,16,8
50,16,8
NA,17,8
20,18,8
22,18,8
24,18,8
26,18,8
28,18,8
30,18,8
32,18,8
34,18,8
36,18,8
38,18,8
40,18,8
42,18,8
44,18,8
46,18,8
48,18,8
50,18,8
NA,19,8
22,20,8
24,20,8
26,20,8
28,20,8
30,20,8
32,20,8
34,20,8
36,20,8
38,20,8
40,20,8
42,20,8
44,20,8
46,20,8
48,20,8
50,20,8
NA,21,8
24,22,8
26,22,8
28,22,8
30,22,8
32,22,8
34,22,8
36,22,8
38,22,8
40,22,8
42,22,8
44,22,8
46,22,8
48,22,8
50,22,8
NA,23,8
26,24,8
28,24,8
30,24,8
32,24,8
34,24,8
36,24,8
38,24,8
40,24,8
42,24,8
44,24,8
46,24,8
48,24,8
50,24,8
NA,25,8
28,26,8
30,26,8
32,26,8
34,26,8
36,26,8
38,26,8
40,26,8
42,26,8
44,26,8
46,26,8
48,26,8
50,26,8
NA,27,8
30,28,8
32,28,8
34,28,8
36,28,8
38,28,8
40,28,8
42,28,8
44,28,8
46,28,8
48,28,8
50,28,8
NA,29,8
32,30,8
34,30,8
36,30,8
38,30,8
40,30,8
42,30,8
44,30,8
46,30,8
48,30,8
50,30,8
NA,31,8
34,32,8
36,32,8
38,32,8
40,32,8
42,32,8
44,32,8
46,32,8
48,32,8
50,32,8
NA,33,8
36,34,8
38,34,8
40,34,8
42,34,8
44,34,8
46,34,8
48,34,8
50,34,8
NA,35,8
38,36,8
40,36,8
42,36,8
44,36,8
46,36,8
48,36,8
50,36,8
NA,37,8
40,38,8
42,38,8
44,38,8
46,38,8
48,38,8
50,38,8
NA,39,8
42,40,8
44,40,8
46,40,8
48,40,8
50,40,8
NA,41,8
44,42,8
46,42,8
48,42,8
50,42,8
NA,43,8
46,44,8
48,44,8
50,44,8
NA,45,8
48,46,8
50,46,8
NA,47,8
50,48,8
NA,49,8
NA,2,9
NA,3,9
NA,4,9
NA,5,9
NA,6,9
NA,7,9
NA,8,9
NA,9,9
NA,10,9
NA,11,9
NA,12,9
NA,13,9
NA,14,9
NA,15,9
NA,16,9
NA,17,9
NA,18,9
NA,19,9
NA,20,9
NA,21,9
NA,22,9
NA,23,9
NA,24,9
NA,25,9
NA,26,9
NA,27,9
NA,28,9
NA,29,9
NA,30,9
NA,31,9
NA,32,9
NA,33,9
NA,34,9
NA,35,9
NA,36,9
NA,37,9
NA,38,9
NA,39,9
NA,40,9
NA,41,9
NA,42,9
NA,43,9
NA,44,9
NA,45,9
NA,46,9
NA,47,9
NA,48,9
NA,49,9
12,2,10
14,2,10
16,2,10
18,2,10
20,2,10
22,2,10
24,2,10
26,2,10
28,2,10
30,2,10
32,2,10
34,2,10
36,2,10
38,2,10
40,2,10
42,2,10
44,2,10
46,2,10
48,2,10
50,2,10
NA,3,10
12,4,10
14,4,10
16,4,10
18,4,10
20,4,10
22,4,10
24,4,10
26,4,10
28,4,10
30,4,10
32,4,10
34,4,10
36,4,10
38,4,10
40,4,10
42,4,10
44,4,10
46,4,10
48,4,10
50,4,10
NA,5,10
12,6,10
14,6,10
16,6,10
18,6,10
20,6,10
22,6,10
24,6,10
26,6,10
28,6,10
30,6,10
32,6,10
34,6,10
36,6,10
38,6,10
40,6,10
42,6,10
44,6,10
46,6,10
48,6,10
50,6,10
NA,7,10
12,8,10
14,8,10
16,8,10
18,8,10
20,8,10
22,8,10
24,8,10
26,8,10
28,8,10
30,8,10
32,8,10
34,8,10
36,8,10
38,8,10
40,8,10
42,8,10
44,8,10
46,8,10
48,8,10
50,8,10
NA,9,10
12,10,10
14,10,10
16,10,10
18,10,10
20,10,10
22,10,10
24,10,10
26,10,10
28,10,10
30,10,10
32,10,10
34,10,10
36,10,10
38,10,10
40,10,10
42,10,10
44,10,10
46,10,10
48,10,10
50,10,10
NA,11,10
14,12,10
16,12,10
18,12,10
20,12,10
22,12,10
24,12,10
26,12,10
28,12,10
30,12,10
32,12,10
34,12,10
36,12,10
38,12,10
40,12,10
42,12,10
44,12,10
46,12,10
48,12,10
50,12,10
NA,13,10
16,14,10
18,14,10
20,14,10
22,14,10
24,14,10
26,14,10
28,14,10
30,14,10
32,14,10
34,14,10
36,14,10
38,14,10
40,14,10
42,14,10
44,14,10
46,14,10
48,14,10
50,14,10
NA,15,10
18,16,10
20,16,10
22,16,10
24,16,10
26,16,10
28,16,10
30,16,10
32,16,10
34,16,10
36,16,10
38,16,10
40,16,10
42,16,10
44,16,10
46,16,10
48,16,10
50,16,10
NA,17,10
20,18,10
22,18,10
24,18,10
26,18,10
28,18,10
30,18,10
32,18,10
34,18,10
36,18,10
38,18,10
40,18,10
42,18,10
44,18,10
46,18,10
48,18,10
50,18,10
NA,19,10
22,20,10
24,20,10
26,20,10
28,20,10
30,20,10
32,20,10
34,20,10
36,20,10
38,20,10
40,20,10
42,20,10
44,20,10
46,20,10
48,20,10
50,20,10
NA,21,10
24,22,10
26,22,10
28,22,10
30,22,10
32,22,10
34,22,10
36,22,10
38,22,10
40,22,10
42,22,10
44,22,10
46,22,10
48,22,10
50,22,10
NA,23,10
26,24,10
28,24,10
30,24,10
32,24,10
34,24,10
36,24,10
38,24,10
40,24,10
42,24,10
44,24,10
46,24,10
48,24,10
50,24,10
NA,25,10
28,26,10
30,26,10
32,26,10
34,26,10
36,26,10
38,26,10
40,26,10
42,26,10
44,26,10
46,26,10
48,26,10
50,26,10
NA,27,10
30,28,10
32,28,10
34,28,10
36,28,10
38,28,10
40,28,10
42,28,10
44,28,10
46,28,10
48,28,10
50,28,10
NA,29,10
32,30,10
34,30,10
36,30,10
38,30,10
40,30,10
42,30,10
44,30,10
46,30,10
48,30,10
50,30,10
NA,31,10
34,32,10
36,32,10
38,32,10
40,32,10
42,32,10
44,32,10
46,32,10
48,32,10
50,32,10
NA,33,10
36,34,10
38,34,10
40,34,10
42,34,10
44,34,10
46,34,10
48,34,10
50,34,10
NA,35,10
38,36,10
40,36,10
42,36,10
44,36,10
46,36,10
48,36,10
50,36,10
NA,37,10
40,38,10
42,38,10
44,38,10
46,38,10
48,38,10
50,38,10
NA,39,10
42,40,10
44,40,10
46,40,10
48,40,10
50,40,10
NA,41,10
44,42,10
46,42,10
48,42,10
50,42,10
NA,43,10
46,44,10
48,44,10
50,44,10
NA,45,10
48,46,10
50,46,10
NA,47,10
50,48,10
NA,49,10
NA,2,11
NA,3,11
NA,4,11
NA,5,11
NA,6,11
NA,7,11
NA,8,11
NA,9,11
NA,10,11
NA,11,11
NA,12,11
NA,13,11
NA,14,11
NA,15,11
NA,16,11
NA,17,11
NA,18,11
NA,19,11
NA,20,11
NA,21,11
NA,22,11
NA,23,11
NA,24,11
NA,25,11
NA,26,11
NA,27,11
NA,28,11
NA,29,11
NA,30,11
NA,31,11
NA,32,11
NA,33,11
NA,34,11
NA,35,11
NA,36,11
NA,37,11
NA,38,11
NA,39,11
NA,40,11
NA,41,11
NA,42,11
NA,43,11
NA,44,11
NA,45,11
NA,46,11
NA,47,11
NA,48,11
NA,49,11
14,2,12
16,2,12
18,2,12
20,2,12
22,2,12
24,2,12
26,2,12
28,2,12
30,2,12
32,2,12
34,2,12
36,2,12
38,2,12
40,2,12
42,2,12
44,2,12
46,2,12
48,2,12
50,2,12
NA,3,12
14,4,12
16,4,12
18,4,12
20,4,12
22,4,12
24,4,12
26,4,12
28,4,12
30,4,12
32,4,12
34,4,12
36,4,12
38,4,12
40,4,12
42,4,12
44,4,12
46,4,12
48,4,12
50,4,12
NA,5,12
14,6,12
16,6,12
18,6,12
20,6,12
22,6,12
24,6,12
26,6,12
28,6,12
30,6,12
32,6,12
34,6,12
36,6,12
38,6,12
40,6,12
42,6,12
44,6,12
46,6,12
48,6,12
50,6,12
NA,7,12
14,8,12
16,8,12
18,8,12
20,8,12
22,8,12
24,8,12
26,8,12
28,8,12
30,8,12
32,8,12
34,8,12
36,8,12
38,8,12
40,8,12
42,8,12
44,8,12
46,8,12
48,8,12
50,8,12
NA,9,12
14,10,12
16,10,12
18,10,12
20,10,12
22,10,12
24,10,12
26,10,12
28,10,12
30,10,12
32,10,12
34,10,12
36,10,12
38,10,12
40,10,12
42,10,12
44,10,12
46,10,12
48,10,12
50,10,12
NA,11,12
14,12,12
16,12,12
18,12,12
20,12,12
22,12,12
24,12,12
26,12,12
28,12,12
30,12,12
32,12,12
34,12,12
36,12,12
38,12,12
40,12,12
42,12,12
44,12,12
46,12,12
48,12,12
50,12,12
NA,13,12
16,14,12
18,14,12
20,14,12
22,14,12
24,14,12
26,14,12
28,14,12
30,14,12
32,14,12
34,14,12
36,14,12
38,14,12
40,14,12
42,14,12
44,14,12
46,14,12
48,14,12
50,14,12
NA,15,12
18,16,12
20,16,12
22,16,12
24,16,12
26,16,12
28,16,12
30,16,12
32,16,12
34,16,12
36,16,12
38,16,12
40,16,12
42,16,12
44,16,12
46,16,12
48,16,12
50,16,12
NA,17,12
20,18,12
22,18,12
24,18,12
26,18,12
28,18,12
30,18,12
32,18,12
34,18,12
36,18,12
38,18,12
40,18,12
42,18,12
44,18,12
46,18,12
48,18,12
50,18,12
NA,19,12
22,20,12
24,20,12
26,20,12
28,20,12
30,20,12
32,20,12
34,20,12
36,20,12
38,20,12
40,20,12
42,20,12
44,20,12
46,20,12
48,20,12
50,20,12
NA,21,12
24,22,12
26,22,12
28,22,12
30,22,12
32,22,12
34,22,12
36,22,12
38,22,12
40,22,12
42,22,12
44,22,12
46,22,12
48,22,12
50,22,12
NA,23,12
26,24,12
28,24,12
30,24,12
32,24,12
34,24,12
36,24,12
38,24,12
40,24,12
42,24,12
44,24,12
46,24,12
48,24,12
50,24,12
NA,25,12
28,26,12
30,26,12
32,26,12
34,26,12
36,26,12
38,26,12
40,26,12
42,26,12
44,26,12
46,26,12
48,26,12
50,26,12
NA,27,12
30,28,12
32,28,12
34,28,12
36,28,12
38,28,12
40,28,12
42,28,12
44,28,12
46,28,12
48,28,12
50,28,12
NA,29,12
32,30,12
34,30,12
36,30,12
38,30,12
40,30,12
42,30,12
44,30,12
46,30,12
48,30,12
50,30,12
NA,31,12
34,32,12
36,32,12
38,32,12
40,32,12
42,32,12
44,32,12
46,32,12
48,32,12
50,32,12
NA,33,12
36,34,12
38,34,12
40,34,12
42,34,12
44,34,12
46,34,12
48,34,12
50,34,12
NA,35,12
38,36,12
40,36,12
42,36,12
44,36,12
46,36,12
48,36,12
50,36,12
NA,37,12
40,38,12
42,38,12
44,38,12
46,38,12
48,38,12
50,38,12
NA,39,12
42,40,12
44,40,12
46,40,12
48,40,12
50,40,12
NA,41,12
44,42,12
46,42,12
48,42,12
50,42,12
NA,43,12
46,44,12
48,44,12
50,44,12
NA,45,12
48,46,12
50,46,12
NA,47,12
50,48,12
NA,49,12
NA,2,13
NA,3,13
NA,4,13
NA,5,13
NA,6,13
NA,7,13
NA,8,13
NA,9,13
NA,10,13
NA,11,13
NA,12,13
NA,13,13
NA,14,13
NA,15,13
NA,16,13
NA,17,13
NA,18,13
NA,19,13
NA,20,13
NA,21,13
NA,22,13
NA,23,13
NA,24,13
NA,25,13
NA,26,13
NA,27,13
NA,28,13
NA,29,13
NA,30,13
NA,31,13
NA,32,13
NA,33,13
NA,34,13
NA,35,13
NA,36,13
NA,37,13
NA,38,13
NA,39,13
NA,40,13
NA,41,13
NA,42,13
NA,43,13
NA,44,13
NA,45,13
NA,46,13
NA,47,13
NA,48,13
NA,49,13
16,2,14
18,2,14
20,2,14
22,2,14
24,2,14
26,2,14
28,2,14
30,2,14
32,2,14
34,2,14
36,2,14
38,2,14
40,2,14
42,2,14
44,2,14
46,2,14
48,2,14
50,2,14
NA,3,14
16,4,14
18,4,14
20,4,14
22,4,14
24,4,14
26,4,14
28,4,14
30,4,14
32,4,14
34,4,14
36,4,14
38,4,14
40,4,14
42,4,14
44,4,14
46,4,14
48,4,14
50,4,14
NA,5,14
16,6,14
18,6,14
20,6,14
22,6,14
24,6,14
26,6,14
28,6,14
30,6,14
32,6,14
34,6,14
36,6,14
38,6,14
40,6,14
42,6,14
44,6,14
46,6,14
48,6,14
50,6,14
NA,7,14
16,8,14
18,8,14
20,8,14
22,8,14
24,8,14
26,8,14
28,8,14
30,8,14
32,8,14
34,8,14
36,8,14
38,8,14
40,8,14
42,8,14
44,8,14
46,8,14
48,8,14
50,8,14
NA,9,14
16,10,14
18,10,14
20,10,14
22,10,14
24,10,14
26,10,14
28,10,14
30,10,14
32,10,14
34,10,14
36,10,14
38,10,14
40,10,14
42,10,14
44,10,14
46,10,14
48,10,14
50,10,14
NA,11,14
16,12,14
18,12,14
20,12,14
22,12,14
24,12,14
26,12,14
28,12,14
30,12,14
32,12,14
34,12,14
36,12,14
38,12,14
40,12,14
42,12,14
44,12,14
46,12,14
48,12,14
50,12,14
NA,13,14
16,14,14
18,14,14
20,14,14
22,14,14
24,14,14
26,14,14
28,14,14
30,14,14
32,14,14
34,14,14
36,14,14
38,14,14
40,14,14
42,14,14
44,14,14
46,14,14
48,14,14
50,14,14
NA,15,14
18,16,14
20,16,14
22,16,14
24,16,14
26,16,14
28,16,14
30,16,14
32,16,14
34,16,14
36,16,14
38,16,14
40,16,14
42,16,14
44,16,14
46,16,14
48,16,14
50,16,14
NA,17,14
20,18,14
22,18,14
24,18,14
26,18,14
28,18,14
30,18,14
32,18,14
34,18,14
36,18,14
38,18,14
40,18,14
42,18,14
44,18,14
46,18,14
48,18,14
50,18,14
NA,19,14
22,20,14
24,20,14
26,20,14
28,20,14
30,20,14
32,20,14
34,20,14
36,20,14
38,20,14
40,20,14
42,20,14
44,20,14
46,20,14
48,20,14
50,20,14
NA,21,14
24,22,14
26,22,14
28,22,14
30,22,14
32,22,14
34,22,14
36,22,14
38,22,14
40,22,14
42,22,14
44,22,14
46,22,14
48,22,14
50,22,14
NA,23,14
26,24,14
28,24,14
30,24,14
32,24,14
34,24,14
36,24,14
38,24,14
40,24,14
42,24,14
44,24,14
46,24,14
48,24,14
50,24,14
NA,25,14
28,26,14
30,26,14
32,26,14
34,26,14
36,26,14
38,26,14
40,26,14
42,26,14
44,26,14
46,26,14
48,26,14
50,26,14
NA,27,14
30,28,14
32,28,14
34,28,14
36,28,14
38,28,14
40,28,14
42,28,14
44,28,14
46,28,14
48,28,14
50,28,14
NA,29,14
32,30,14
34,30,14
36,30,14
38,30,14
40,30,14
42,30,14
44,30,14
46,30,14
48,30,14
50,30,14
NA,31,14
34,32,14
36,32,14
38,32,14
40,32,14
42,32,14
44,32,14
46,32,14
48,32,14
50,32,14
NA,33,14
36,34,14
38,34,14
40,34,14
42,34,14
44,34,14
46,34,14
48,34,14
50,34,14
NA,35,14
38,36,14
40,36,14
42,36,14
44,36,14
46,36,14
48,36,14
50,36,14
NA,37,14
40,38,14
42,38,14
44,38,14
46,38,14
48,38,14
50,38,14
NA,39,14
42,40,14
44,40,14
46,40,14
48,40,14
50,40,14
NA,41,14
44,42,14
46,42,14
48,42,14
50,42,14
NA,43,14
46,44,14
48,44,14
50,44,14
NA,45,14
48,46,14
50,46,14
NA,47,14
50,48,14
NA,49,14
NA,2,15
NA,3,15
NA,4,15
NA,5,15
NA,6,15
NA,7,15
NA,8,15
NA,9,15
NA,10,15
NA,11,15
NA,12,15
NA,13,15
NA,14,15
NA,15,15
NA,16,15
NA,17,15
NA,18,15
NA,19,15
NA,20,15
NA,21,15
NA,22,15
NA,23,15
NA,24,15
NA,25,15
NA,26,15
NA,27,15
NA,28,15
NA,29,15
NA,30,15
NA,31,15
NA,32,15
NA,33,15
NA,34,15
NA,35,15
NA,36,15
NA,37,15
NA,38,15
NA,39,15
NA,40,15
NA,41,15
NA,42,15
NA,43,15
NA,44,15
NA,45,15
NA,46,15
NA,47,15
NA,48,15
NA,49,15
18,2,16
20,2,16
22,2,16
24,2,16
26,2,16
28,2,16
30,2,16
32,2,16
34,2,16
36,2,16
38,2,16
40,2,16
42,2,16
44,2,16
46,2,16
48,2,16
50,2,16
NA,3,16
18,4,16
20,4,16
22,4,16
24,4,16
26,4,16
28,4,16
30,4,16
32,4,16
34,4,16
36,4,16
38,4,16
40,4,16
42,4,16
44,4,16
46,4,16
48,4,16
50,4,16
NA,5,16
18,6,16
20,6,16
22,6,16
24,6,16
26,6,16
28,6,16
30,6,16
32,6,16
34,6,16
36,6,16
38,6,16
40,6,16
42,6,16
44,6,16
46,6,16
48,6,16
50,6,16
NA,7,16
18,8,16
20,8,16
22,8,16
24,8,16
26,8,16
28,8,16
30,8,16
32,8,16
34,8,16
36,8,16
38,8,16
40,8,16
42,8,16
44,8,16
46,8,16
48,8,16
50,8,16
NA,9,16
18,10,16
20,10,16
22,10,16
24,10,16
26,10,16
28,10,16
30,10,16
32,10,16
34,10,16
36,10,16
38,10,16
40,10,16
42,10,16
44,10,16
46,10,16
48,10,16
50,10,16
NA,11,16
18,12,16
20,12,16
22,12,16
24,12,16
26,12,16
28,12,16
30,12,16
32,12,16
34,12,16
36,12,16
38,12,16
40,12,16
42,12,16
44,12,16
46,12,16
48,12,16
50,12,16
NA,13,16
18,14,16
20,14,16
22,14,16
24,14,16
26,14,16
28,14,16
30,14,16
32,14,16
34,14,16
36,14,16
38,14,16
40,14,16
42,14,16
44,14,16
46,14,16
48,14,16
50,14,16
NA,15,16
18,16,16
20,16,16
22,16,16
24,16,16
26,16,16
28,16,16
30,16,16
32,16,16
34,16,16
36,16,16
38,16,16
40,16,16
42,16,16
44,16,16
46,16,16
48,16,16
50,16,16
NA,17,16
20,18,16
22,18,16
24,18,16
26,18,16
28,18,16
30,18,16
32,18,16
34,18,16
36,18,16
38,18,16
40,18,16
42,18,16
44,18,16
46,18,16
48,18,16
50,18,16
NA,19,16
22,20,16
24,20,16
26,20,16
28,20,16
30,20,16
32,20,16
34,20,16
36,20,16
38,20,16
40,20,16
42,20,16
44,20,16
46,20,16
48,20,16
50,20,16
NA,21,16
24,22,16
26,22,16
28,22,16
30,22,16
32,22,16
34,22,16
36,22,16
38,22,16
40,22,16
42,22,16
44,22,16
46,22,16
48,22,16
50,22,16
NA,23,16
26,24,16
28,24,16
30,24,16
32,24,16
34,24,16
36,24,16
38,24,16
40,24,16
42,24,16
44,24,16
46,24,16
48,24,16
50,24,16
NA,25,16
28,26,16
30,26,16
32,26,16
34,26,16
36,26,16
38,26,16
40,26,16
42,26,16
44,26,16
46,26,16
48,26,16
50,26,16
NA,27,16
30,28,16
32,28,16
34,28,16
36,28,16
38,28,16
40,28,16
42,28,16
44,28,16
46,28,16
48,28,16
50,28,16
NA,29,16
32,30,16
34,30,16
36,30,16
38,30,16
40,30,16
42,30,16
44,30,16
46,30,16
48,30,16
50,30,16
NA,31,16
34,32,16
36,32,16
38,32,16
40,32,16
42,32,16
44,32,16
46,32,16
48,32,16
50,32,16
NA,33,16
36,34,16
38,34,16
40,34,16
42,34,16
44,34,16
46,34,16
48,34,16
50,34,16
NA,35,16
38,36,16
40,36,16
42,36,16
44,36,16
46,36,16
48,36,16
50,36,16
NA,37,16
40,38,16
42,38,16
44,38,16
46,38,16
48,38,16
50,38,16
NA,39,16
42,40,16
44,40,16
46,40,16
48,40,16
50,40,16
NA,41,16
44,42,16
46,42,16
48,42,16
50,42,16
NA,43,16
46,44,16
48,44,16
50,44,16
NA,45,16
48,46,16
50,46,16
NA,47,16
50,48,16
NA,49,16
NA,2,17
NA,3,17
NA,4,17
NA,5,17
NA,6,17
NA,7,17
NA,8,17
NA,9,17
NA,10,17
NA,11,17
NA,12,17
NA,13,17
NA,14,17
NA,15,17
NA,16,17
NA,17,17
NA,18,17
NA,19,17
NA,20,17
NA,21,17
NA,22,17
NA,23,17
NA,24,17
NA,25,17
NA,26,17
NA,27,17
NA,28,17
NA,29,17
NA,30,17
NA,31,17
NA,32,17
NA,33,17
NA,34,17
NA,35,17
NA,36,17
NA,37,17
NA,38,17
NA,39,17
NA,40,17
NA,41,17
NA,42,17
NA,43,17
NA,44,17
NA,45,17
NA,46,17
NA,47,17
NA,48,17
NA,49,17
20,2,18
22,2,18
24,2,18
26,2,18
28,2,18
30,2,18
32,2,18
34,2,18
36,2,18
38,2,18
40,2,18
42,2,18
44,2,18
46,2,18
48,2,18
50,2,18
NA,3,18
20,4,18
22,4,18
24,4,18
26,4,18
28,4,18
30,4,18
32,4,18
34,4,18
36,4,18
38,4,18
40,4,18
42,4,18
44,4,18
46,4,18
48,4,18
50,4,18
NA,5,18
20,6,18
22,6,18
24,6,18
26,6,18
28,6,18
30,6,18
32,6,18
34,6,18
36,6,18
38,6,18
40,6,18
42,6,18
44,6,18
46,6,18
48,6,18
50,6,18
NA,7,18
20,8,18
22,8,18
24,8,18
26,8,18
28,8,18
30,8,18
32,8,18
34,8,18
36,8,18
38,8,18
40,8,18
42,8,18
44,8,18
46,8,18
48,8,18
50,8,18
NA,9,18
20,10,18
22,10,18
24,10,18
26,10,18
28,10,18
30,10,18
32,10,18
34,10,18
36,10,18
38,10,18
40,10,18
42,10,18
44,10,18
46,10,18
48,10,18
50,10,18
NA,11,18
20,12,18
22,12,18
24,12,18
26,12,18
28,12,18
30,12,18
32,12,18
34,12,18
36,12,18
38,12,18
40,12,18
42,12,18
44,12,18
46,12,18
48,12,18
50,12,18
NA,13,18
20,14,18
22,14,18
24,14,18
26,14,18
28,14,18
30,14,18
32,14,18
34,14,18
36,14,18
38,14,18
40,14,18
42,14,18
44,14,18
46,14,18
48,14,18
50,14,18
NA,15,18
20,16,18
22,16,18
24,16,18
26,16,18
28,16,18
30,16,18
32,16,18
34,16,18
36,16,18
38,16,18
40,16,18
42,16,18
44,16,18
46,16,18
48,16,18
50,16,18
NA,17,18
20,18,18
22,18,18
24,18,18
26,18,18
28,18,18
30,18,18
32,18,18
34,18,18
36,18,18
38,18,18
40,18,18
42,18,18
44,18,18
46,18,18
48,18,18
50,18,18
NA,19,18
22,20,18
24,20,18
26,20,18
28,20,18
30,20,18
32,20,18
34,20,18
36,20,18
38,20,18
40,20,18
42,20,18
44,20,18
46,20,18
48,20,18
50,20,18
NA,21,18
24,22,18
26,22,18
28,22,18
30,22,18
32,22,18
34,22,18
36,22,18
38,22,18
40,22,18
42,22,18
44,22,18
46,22,18
48,22,18
50,22,18
NA,23,18
26,24,18
28,24,18
30,24,18
32,24,18
34,24,18
36,24,18
38,24,18
40,24,18
42,24,18
44,24,18
46,24,18
48,24,18
50,24,18
NA,25,18
28,26,18
30,26,18
32,26,18
34,26,18
36,26,18
38,26,18
40,26,18
42,26,18
44,26,18
46,26,18
48,26,18
50,26,18
NA,27,18
30,28,18
32,28,18
34,28,18
36,28,18
38,28,18
40,28,18
42,28,18
44,28,18
46,28,18
48,28,18
50,28,18
NA,29,18
32,30,18
34,30,18
36,30,18
38,30,18
40,30,18
42,30,18
44,30,18
46,30,18
48,30,18
50,30,18
NA,31,18
34,32,18
36,32,18
38,32,18
40,32,18
42,32,18
44,32,18
46,32,18
48,32,18
50,32,18
NA,33,18
36,34,18
38,34,18
40,34,18
42,34,18
44,34,18
46,34,18
48,34,18
50,34,18
NA,35,18
38,36,18
40,36,18
42,36,18
44,36,18
46,36,18
48,36,18
50,36,18
NA,37,18
40,38,18
42,38,18
44,38,18
46,38,18
48,38,18
50,38,18
NA,39,18
42,40,18
44,40,18
46,40,18
48,40,18
50,40,18
NA,41,18
44,42,18
46,42,18
48,42,18
50,42,18
NA,43,18
46,44,18
48,44,18
50,44,18
NA,45,18
48,46,18
50,46,18
NA,47,18
50,48,18
NA,49,18
NA,2,19
NA,3,19
NA,4,19
NA,5,19
NA,6,19
NA,7,19
NA,8,19
NA,9,19
NA,10,19
NA,11,19
NA,12,19
NA,13,19
NA,14,19
NA,15,19
NA,16,19
NA,17,19
NA,18,19
NA,19,19
NA,20,19
NA,21,19
NA,22,19
NA,23,19
NA,24,19
NA,25,19
NA,26,19
NA,27,19
NA,28,19
NA,29,19
NA,30,19
NA,31,19
NA,32,19
NA,33,19
NA,34,19
NA,35,19
NA,36,19
NA,37,19
NA,38,19
NA,39,19
NA,40,19
NA,41,19
NA,42,19
NA,43,19
NA,44,19
NA,45,19
NA,46,19
NA,47,19
NA,48,19
NA,49,19
22,2,20
24,2,20
26,2,20
28,2,20
30,2,20
32,2,20
34,2,20
36,2,20
38,2,20
40,2,20
42,2,20
44,2,20
46,2,20
48,2,20
50,2,20
NA,3,20
22,4,20
24,4,20
26,4,20
28,4,20
30,4,20
32,4,20
34,4,20
36,4,20
38,4,20
40,4,20
42,4,20
44,4,20
46,4,20
48,4,20
50,4,20
NA,5,20
22,6,20
24,6,20
26,6,20
28,6,20
30,6,20
32,6,20
34,6,20
36,6,20
38,6,20
40,6,20
42,6,20
44,6,20
46,6,20
48,6,20
50,6,20
NA,7,20
22,8,20
24,8,20
26,8,20
28,8,20
30,8,20
32,8,20
34,8,20
36,8,20
38,8,20
40,8,20
42,8,20
44,8,20
46,8,20
48,8,20
50,8,20
NA,9,20
22,10,20
24,10,20
26,10,20
28,10,20
30,10,20
32,10,20
34,10,20
36,10,20
38,10,20
40,10,20
42,10,20
44,10,20
46,10,20
48,10,20
50,10,20
NA,11,20
22,12,20
24,12,20
26,12,20
28,12,20
30,12,20
32,12,20
34,12,20
36,12,20
38,12,20
40,12,20
42,12,20
44,12,20
46,12,20
48,12,20
50,12,20
NA,13,20
22,14,20
24,14,20
26,14,20
28,14,20
30,14,20
32,14,20
34,14,20
36,14,20
38,14,20
40,14,20
42,14,20
44,14,20
46,14,20
48,14,20
50,14,20
NA,15,20
22,16,20
24,16,20
26,16,20
28,16,20
30,16,20
32,16,20
34,16,20
36,16,20
38,16,20
40,16,20
42,16,20
44,16,20
46,16,20
48,16,20
50,16,20
NA,17,20
22,18,20
24,18,20
26,18,20
28,18,20
30,18,20
32,18,20
34,18,20
36,18,20
38,18,20
40,18,20
42,18,20
44,18,20
46,18,20
48,18,20
50,18,20
NA,19,20
22,20,20
24,20,20
26,20,20
28,20,20
30,20,20
32,20,20
34,20,20
36,20,20
38,20,20
40,20,20
42,20,20
44,20,20
46,20,20
48,20,20
50,20,20
NA,21,20
24,22,20
26,22,20
28,22,20
30,22,20
32,22,20
34,22,20
36,22,20
38,22,20
40,22,20
42,22,20
44,22,20
46,22,20
48,22,20
50,22,20
NA,23,20
26,24,20
28,24,20
30,24,20
32,24,20
34,24,20
36,24,20
38,24,20
40,24,20
42,24,20
44,24,20
46,24,20
48,24,20
50,24,20
NA,25,20
28,26,20
30,26,20
32,26,20
34,26,20
36,26,20
38,26,20
40,26,20
42,26,20
44,26,20
46,26,20
48,26,20
50,26,20
NA,27,20
30,28,20
32,28,20
34,28,20
36,28,20
38,28,20
40,28,20
42,28,20
44,28,20
46,28,20
48,28,20
50,28,20
NA,29,20
32,30,20
34,30,20
36,30,20
38,30,20
40,30,20
42,30,20
44,30,20
46,30,20
48,30,20
50,30,20
NA,31,20
34,32,20
36,32,20
38,32,20
40,32,20
42,32,20
44,32,20
46,32,20
48,32,20
50,32,20
NA,33,20
36,34,20
38,34,20
40,34,20
42,34,20
44,34,20
46,34,20
48,34,20
50,34,20
NA,35,20
38,36,20
40,36,20
42,36,20
44,36,20
46,36,20
48,36,20
50,36,20
NA,37,20
40,38,20
42,38,20
44,38,20
46,38,20
48,38,20
50,38,20
NA,39,20
42,40,20
44,40,20
46,40,20
48,40,20
50,40,20
NA,41,20
44,42,20
46,42,20
48,42,20
50,42,20
NA,43,20
46,44,20
48,44,20
50,44,20
NA,45,20
48,46,20
50,46,20
NA,47,20
50,48,20
NA,49,20
NA,2,21
NA,3,21
NA,4,21
NA,5,21
NA,6,21
NA,7,21
NA,8,21
NA,9,21
NA,10,21
NA,11,21
NA,12,21
NA,13,21
NA,14,21
NA,15,21
NA,16,21
NA,17,21
NA,18,21
NA,19,21
NA,20,21
NA,21,21
NA,22,21
NA,23,21
NA,24,21
NA,25,21
NA,26,21
NA,27,21
NA,28,21
NA,29,21
NA,30,21
NA,31,21
NA,32,21
NA,33,21
NA,34,21
NA,35,21
NA,36,21
NA,37,21
NA,38,21
NA,39,21
NA,40,21
NA,41,21
NA,42,21
NA,43,21
NA,44,21
NA,45,21
NA,46,21
NA,47,21
NA,48,21
NA,49,21
24,2,22
26,2,22
28,2,22
30,2,22
32,2,22
34,2,22
36,2,22
38,2,22
40,2,22
42,2,22
44,2,22
46,2,22
48,2,22
50,2,22
NA,3,22
24,4,22
26,4,22
28,4,22
30,4,22
32,4,22
34,4,22
36,4,22
38,4,22
40,4,22
42,4,22
44,4,22
46,4,22
48,4,22
50,4,22
NA,5,22
24,6,22
26,6,22
28,6,22
30,6,22
32,6,22
34,6,22
36,6,22
38,6,22
40,6,22
42,6,22
44,6,22
46,6,22
48,6,22
50,6,22
NA,7,22
24,8,22
26,8,22
28,8,22
30,8,22
32,8,22
34,8,22
36,8,22
38,8,22
40,8,22
42,8,22
44,8,22
46,8,22
48,8,22
50,8,22
NA,9,22
24,10,22
26,10,22
28,10,22
30,10,22
32,10,22
34,10,22
36,10,22
38,10,22
40,10,22
42,10,22
44,10,22
46,10,22
48,10,22
50,10,22
NA,11,22
24,12,22
26,12,22
28,12,22
30,12,22
32,12,22
34,12,22
36,12,22
38,12,22
40,12,22
42,12,22
44,12,22
46,12,22
48,12,22
50,12,22
NA,13,22
24,14,22
26,14,22
28,14,22
30,14,22
32,14,22
34,14,22
36,14,22
38,14,22
40,14,22
42,14,22
44,14,22
46,14,22
48,14,22
50,14,22
NA,15,22
24,16,22
26,16,22
28,16,22
30,16,22
32,16,22
34,16,22
36,16,22
38,16,22
40,16,22
42,16,22
44,16,22
46,16,22
48,16,22
50,16,22
NA,17,22
24,18,22
26,18,22
28,18,22
30,18,22
32,18,22
34,18,22
36,18,22
38,18,22
40,18,22
42,18,22
44,18,22
46,18,22
48,18,22
50,18,22
NA,19,22
24,20,22
26,20,22
28,20,22
30,20,22
32,20,22
34,20,22
36,20,22
38,20,22
40,20,22
42,20,22
44,20,22
46,20,22
48,20,22
50,20,22
NA,21,22
24,22,22
26,22,22
28,22,22
30,22,22
32,22,22
34,22,22
36,22,22
38,22,22
40,22,22
42,22,22
44,22,22
46,22,22
48,22,22
50,22,22
NA,23,22
26,24,22
28,24,22
30,24,22
32,24,22
34,24,22
36,24,22
38,24,22
40,24,22
42,24,22
44,24,22
46,24,22
48,24,22
50,24,22
NA,25,22
28,26,22
30,26,22
32,26,22
34,26,22
36,26,22
38,26,22
40,26,22
42,26,22
44,26,22
46,26,22
48,26,22
50,26,22
NA,27,22
30,28,22
32,28,22
34,28,22
36,28,22
38,28,22
40,28,22
42,28,22
44,28,22
46,28,22
48,28,22
50,28,22
NA,29,22
32,30,22
34,30,22
36,30,22
38,30,22
40,30,22
42,30,22
44,30,22
46,30,22
48,30,22
50,30,22
NA,31,22
34,32,22
36,32,22
38,32,22
40,32,22
42,32,22
44,32,22
46,32,22
48,32,22
50,32,22
NA,33,22
36,34,22
38,34,22
40,34,22
42,34,22
44,34,22
46,34,22
48,34,22
50,34,22
NA,35,22
38,36,22
40,36,22
42,36,22
44,36,22
46,36,22
48,36,22
50,36,22
NA,37,22
40,38,22
42,38,22
44,38,22
46,38,22
48,38,22
50,38,22
NA,39,22
42,40,22
44,40,22
46,40,22
48,40,22
50,40,22
NA,41,22
44,42,22
46,42,22
48,42,22
50,42,22
NA,43,22
46,44,22
48,44,22
50,44,22
NA,45,22
48,46,22
50,46,22
NA,47,22
50,48,22
NA,49,22
NA,2,23
NA,3,23
NA,4,23
NA,5,23
NA,6,23
NA,7,23
NA,8,23
NA,9,23
NA,10,23
NA,11,23
NA,12,23
NA,13,23
NA,14,23
NA,15,23
NA,16,23
NA,17,23
NA,18,23
NA,19,23
NA,20,23
NA,21,23
NA,22,23
NA,23,23
NA,24,23
NA,25,23
NA,26,23
NA,27,23
NA,28,23
NA,29,23
NA,30,23
NA,31,23
NA,32,23
NA,33,23
NA,34,23
NA,35,23
NA,36,23
NA,37,23
NA,38,23
NA,39,23
NA,40,23
NA,41,23
NA,42,23
NA,43,23
NA,44,23
NA,45,23
NA,46,23
NA,47,23
NA,48,23
NA,49,23
26,2,24
28,2,24
30,2,24
32,2,24
34,2,24
36,2,24
38,2,24
40,2,24
42,2,24
44,2,24
46,2,24
48,2,24
50,2,24
NA,3,24
26,4,24
28,4,24
30,4,24
32,4,24
34,4,24
36,4,24
38,4,24
40,4,24
42,4,24
44,4,24
46,4,24
48,4,24
50,4,24
NA,5,24
26,6,24
28,6,24
30,6,24
32,6,24
34,6,24
36,6,24
38,6,24
40,6,24
42,6,24
44,6,24
46,6,24
48,6,24
50,6,24
NA,7,24
26,8,24
28,8,24
30,8,24
32,8,24
34,8,24
36,8,24
38,8,24
40,8,24
42,8,24
44,8,24
46,8,24
48,8,24
50,8,24
NA,9,24
26,10,24
28,10,24
30,10,24
32,10,24
34,10,24
36,10,24
38,10,24
40,10,24
42,10,24
44,10,24
46,10,24
48,10,24
50,10,24
NA,11,24
26,12,24
28,12,24
30,12,24
32,12,24
34,12,24
36,12,24
38,12,24
40,12,24
42,12,24
44,12,24
46,12,24
48,12,24
50,12,24
NA,13,24
26,14,24
28,14,24
30,14,24
32,14,24
34,14,24
36,14,24
38,14,24
40,14,24
42,14,24
44,14,24
46,14,24
48,14,24
50,14,24
NA,15,24
26,16,24
28,16,24
30,16,24
32,16,24
34,16,24
36,16,24
38,16,24
40,16,24
42,16,24
44,16,24
46,16,24
48,16,24
50,16,24
NA,17,24
26,18,24
28,18,24
30,18,24
32,18,24
34,18,24
36,18,24
38,18,24
40,18,24
42,18,24
44,18,24
46,18,24
48,18,24
50,18,24
NA,19,24
26,20,24
28,20,24
30,20,24
32,20,24
34,20,24
36,20,24
38,20,24
40,20,24
42,20,24
44,20,24
46,20,24
48,20,24
50,20,24
NA,21,24
26,22,24
28,22,24
30,22,24
32,22,24
34,22,24
36,22,24
38,22,24
40,22,24
42,22,24
44,22,24
46,22,24
48,22,24
50,22,24
NA,23,24
26,24,24
28,24,24
30,24,24
32,24,24
34,24,24
36,24,24
38,24,24
40,24,24
42,24,24
44,24,24
46,24,24
48,24,24
50,24,24
NA,25,24
28,26,24
30,26,24
32,26,24
34,26,24
36,26,24
38,26,24
40,26,24
42,26,24
44,26,24
46,26,24
48,26,24
50,26,24
NA,27,24
30,28,24
32,28,24
34,28,24
36,28,24
38,28,24
40,28,24
42,28,24
44,28,24
46,28,24
48,28,24
50,28,24
NA,29,24
32,30,24
34,30,24
36,30,24
38,30,24
40,30,24
42,30,24
44,30,24
46,30,24
48,30,24
50,30,24
NA,31,24
34,32,24
36,32,24
38,32,24
40,32,24
42,32,24
44,32,24
46,32,24
48,32,24
50,32,24
NA,33,24
36,34,24
38,34,24
40,34,24
42,34,24
44,34,24
46,34,24
48,34,24
50,34,24
NA,35,24
38,36,24
40,36,24
42,36,24
44,36,24
46,36,24
48,36,24
50,36,24
NA,37,24
40,38,24
42,38,24
44,38,24
46,38,24
48,38,24
50,38,24
NA,39,24
42,40,24
44,40,24
46,40,24
48,40,24
50,40,24
NA,41,24
44,42,24
46,42,24
48,42,24
50,42,24
NA,43,24
46,44,24
48,44,24
50,44,24
NA,45,24
48,46,24
50,46,24
NA,47,24
50,48,24
NA,49,24
NA,2,25
NA,3,25
NA,4,25
NA,5,25
NA,6,25
NA,7,25
NA,8,25
NA,9,25
NA,10,25
NA,11,25
NA,12,25
NA,13,25
NA,14,25
NA,15,25
NA,16,25
NA,17,25
NA,18,25
NA,19,25
NA,20,25
NA,21,25
NA,22,25
NA,23,25
NA,24,25
NA,25,25
NA,26,25
NA,27,25
NA,28,25
NA,29,25
NA,30,25
NA,31,25
NA,32,25
NA,33,25
NA,34,25
NA,35,25
NA,36,25
NA,37,25
NA,38,25
NA,39,25
NA,40,25
NA,41,25
NA,42,25
NA,43,25
NA,44,25
NA,45,25
NA,46,25
NA,47,25
NA,48,25
NA,49,25
28,2,26
30,2,26
32,2,26
34,2,26
36,2,26
38,2,26
40,2,26
42,2,26
44,2,26
46,2,26
48,2,26
50,2,26
NA,3,26
28,4,26
30,4,26
32,4,26
34,4,26
36,4,26
38,4,26
40,4,26
42,4,26
44,4,26
46,4,26
48,4,26
50,4,26
NA,5,26
28,6,26
30,6,26
32,6,26
34,6,26
36,6,26
38,6,26
40,6,26
42,6,26
44,6,26
46,6,26
48,6,26
50,6,26
NA,7,26
28,8,26
30,8,26
32,8,26
34,8,26
36,8,26
38,8,26
40,8,26
42,8,26
44,8,26
46,8,26
48,8,26
50,8,26
NA,9,26
28,10,26
30,10,26
32,10,26
34,10,26
36,10,26
38,10,26
40,10,26
42,10,26
44,10,26
46,10,26
48,10,26
50,10,26
NA,11,26
28,12,26
30,12,26
32,12,26
34,12,26
36,12,26
38,12,26
40,12,26
42,12,26
44,12,26
46,12,26
48,12,26
50,12,26
NA,13,26
28,14,26
30,14,26
32,14,26
34,14,26
36,14,26
38,14,26
40,14,26
42,14,26
44,14,26
46,14,26
48,14,26
50,14,26
NA,15,26
28,16,26
30,16,26
32,16,26
34,16,26
36,16,26
38,16,26
40,16,26
42,16,26
44,16,26
46,16,26
48,16,26
50,16,26
NA,17,26
28,18,26
30,18,26
32,18,26
34,18,26
36,18,26
38,18,26
40,18,26
42,18,26
44,18,26
46,18,26
48,18,26
50,18,26
NA,19,26
28,20,26
30,20,26
32,20,26
34,20,26
36,20,26
38,20,26
40,20,26
42,20,26
44,20,26
46,20,26
48,20,26
50,20,26
NA,21,26
28,22,26
30,22,26
32,22,26
34,22,26
36,22,26
38,22,26
40,22,26
42,22,26
44,22,26
46,22,26
48,22,26
50,22,26
NA,23,26
28,24,26
30,24,26
32,24,26
34,24,26
36,24,26
38,24,26
40,24,26
42,24,26
44,24,26
46,24,26
48,24,26
50,24,26
NA,25,26
28,26,26
30,26,26
32,26,26
34,26,26
36,26,26
38,26,26
40,26,26
42,26,26
44,26,26
46,26,26
48,26,26
50,26,26
NA,27,26
30,28,26
32,28,26
34,28,26
36,28,26
38,28,26
40,28,26
42,28,26
44,28,26
46,28,26
48,28,26
50,28,26
NA,29,26
32,30,26
34,30,26
36,30,26
38,30,26
40,30,26
42,30,26
44,30,26
46,30,26
48,30,26
50,30,26
NA,31,26
34,32,26
36,32,26
38,32,26
40,32,26
42,32,26
44,32,26
46,32,26
48,32,26
50,32,26
NA,33,26
36,34,26
38,34,26
40,34,26
42,34,26
44,34,26
46,34,26
48,34,26
50,34,26
NA,35,26
38,36,26
40,36,26
42,36,26
44,36,26
46,36,26
48,36,26
50,36,26
NA,37,26
40,38,26
42,38,26
44,38,26
46,38,26
48,38,26
50,38,26
NA,39,26
42,40,26
44,40,26
46,40,26
48,40,26
50,40,26
NA,41,26
44,42,26
46,42,26
48,42,26
50,42,26
NA,43,26
46,44,26
48,44,26
50,44,26
NA,45,26
48,46,26
50,46,26
NA,47,26
50,48,26
NA,49,26
NA,2,27
NA,3,27
NA,4,27
NA,5,27
NA,6,27
NA,7,27
NA,8,27
NA,9,27
NA,10,27
NA,11,27
NA,12,27
NA,13,27
NA,14,27
NA,15,27
NA,16,27
NA,17,27
NA,18,27
NA,19,27
NA,20,27
NA,21,27
NA,22,27
NA,23,27
NA,24,27
NA,25,27
NA,26,27
NA,27,27
NA,28,27
NA,29,27
NA,30,27
NA,31,27
NA,32,27
NA,33,27
NA,34,27
NA,35,27
NA,36,27
NA,37,27
NA,38,27
NA,39,27
NA,40,27
NA,41,27
NA,42,27
NA,43,27
NA,44,27
NA,45,27
NA,46,27
NA,47,27
NA,48,27
NA,49,27
30,2,28
32,2,28
34,2,28
36,2,28
38,2,28
40,2,28
42,2,28
44,2,28
46,2,28
48,2,28
50,2,28
NA,3,28
30,4,28
32,4,28
34,4,28
36,4,28
38,4,28
40,4,28
42,4,28
44,4,28
46,4,28
48,4,28
50,4,28
NA,5,28
30,6,28
32,6,28
34,6,28
36,6,28
38,6,28
40,6,28
42,6,28
44,6,28
46,6,28
48,6,28
50,6,28
NA,7,28
30,8,28
32,8,28
34,8,28
36,8,28
38,8,28
40,8,28
42,8,28
44,8,28
46,8,28
48,8,28
50,8,28
NA,9,28
30,10,28
32,10,28
34,10,28
36,10,28
38,10,28
40,10,28
42,10,28
44,10,28
46,10,28
48,10,28
50,10,28
NA,11,28
30,12,28
32,12,28
34,12,28
36,12,28
38,12,28
40,12,28
42,12,28
44,12,28
46,12,28
48,12,28
50,12,28
NA,13,28
30,14,28
32,14,28
34,14,28
36,14,28
38,14,28
40,14,28
42,14,28
44,14,28
46,14,28
48,14,28
50,14,28
NA,15,28
30,16,28
32,16,28
34,16,28
36,16,28
38,16,28
40,16,28
42,16,28
44,16,28
46,16,28
48,16,28
50,16,28
NA,17,28
30,18,28
32,18,28
34,18,28
36,18,28
38,18,28
40,18,28
42,18,28
44,18,28
46,18,28
48,18,28
50,18,28
NA,19,28
30,20,28
32,20,28
34,20,28
36,20,28
38,20,28
40,20,28
42,20,28
44,20,28
46,20,28
48,20,28
50,20,28
NA,21,28
30,22,28
32,22,28
34,22,28
36,22,28
38,22,28
40,22,28
42,22,28
44,22,28
46,22,28
48,22,28
50,22,28
NA,23,28
30,24,28
32,24,28
34,24,28
36,24,28
38,24,28
40,24,28
42,24,28
44,24,28
46,24,28
48,24,28
50,24,28
NA,25,28
30,26,28
32,26,28
34,26,28
36,26,28
38,26,28
40,26,28
42,26,28
44,26,28
46,26,28
48,26,28
50,26,28
NA,27,28
30,28,28
32,28,28
34,28,28
36,28,28
38,28,28
40,28,28
42,28,28
44,28,28
46,28,28
48,28,28
50,28,28
NA,29,28
32,30,28
34,30,28
36,30,28
38,30,28
40,30,28
42,30,28
44,30,28
46,30,28
48,30,28
50,30,28
NA,31,28
34,32,28
36,32,28
38,32,28
40,32,28
42,32,28
44,32,28
46,32,28
48,32,28
50,32,28
NA,33,28
36,34,28
38,34,28
40,34,28
42,34,28
44,34,28
46,34,28
48,34,28
50,34,28
NA,35,28
38,36,28
40,36,28
42,36,28
44,36,28
46,36,28
48,36,28
50,36,28
NA,37,28
40,38,28
42,38,28
44,38,28
46,38,28
48,38,28
50,38,28
NA,39,28
42,40,28
44,40,28
46,40,28
48,40,28
50,40,28
NA,41,28
44,42,28
46,42,28
48,42,28
50,42,28
NA,43,28
46,44,28
48,44,28
50,44,28
NA,45,28
48,46,28
50,46,28
NA,47,28
50,48,28
NA,49,28
NA,2,29
NA,3,29
NA,4,29
NA,5,29
NA,6,29
NA,7,29
NA,8,29
NA,9,29
NA,10,29
NA,11,29
NA,12,29
NA,13,29
NA,14,29
NA,15,29
NA,16,29
NA,17,29
NA,18,29
NA,19,29
NA,20,29
NA,21,29
NA,22,29
NA,23,29
NA,24,29
NA,25,29
NA,26,29
NA,27,29
NA,28,29
NA,29,29
NA,30,29
NA,31,29
NA,32,29
NA,33,29
NA,34,29
NA,35,29
NA,36,29
NA,37,29
NA,38,29
NA,39,29
NA,40,29
NA,41,29
NA,42,29
NA,43,29
NA,44,29
NA,45,29
NA,46,29
NA,47,29
NA,48,29
NA,49,29
32,2,30
34,2,30
36,2,30
38,2,30
40,2,30
42,2,30
44,2,30
46,2,30
48,2,30
50,2,30
NA,3,30
32,4,30
34,4,30
36,4,30
38,4,30
40,4,30
42,4,30
44,4,30
46,4,30
48,4,30
50,4,30
NA,5,30
32,6,30
34,6,30
36,6,30
38,6,30
40,6,30
42,6,30
44,6,30
46,6,30
48,6,30
50,6,30
NA,7,30
32,8,30
34,8,30
36,8,30
38,8,30
40,8,30
42,8,30
44,8,30
46,8,30
48,8,30
50,8,30
NA,9,30
32,10,30
34,10,30
36,10,30
38,10,30
40,10,30
42,10,30
44,10,30
46,10,30
48,10,30
50,10,30
NA,11,30
32,12,30
34,12,30
36,12,30
38,12,30
40,12,30
42,12,30
44,12,30
46,12,30
48,12,30
50,12,30
NA,13,30
32,14,30
34,14,30
36,14,30
38,14,30
40,14,30
42,14,30
44,14,30
46,14,30
48,14,30
50,14,30
NA,15,30
32,16,30
34,16,30
36,16,30
38,16,30
40,16,30
42,16,30
44,16,30
46,16,30
48,16,30
50,16,30
NA,17,30
32,18,30
34,18,30
36,18,30
38,18,30
40,18,30
42,18,30
44,18,30
46,18,30
48,18,30
50,18,30
NA,19,30
32,20,30
34,20,30
36,20,30
38,20,30
40,20,30
42,20,30
44,20,30
46,20,30
48,20,30
50,20,30
NA,21,30
32,22,30
34,22,30
36,22,30
38,22,30
40,22,30
42,22,30
44,22,30
46,22,30
48,22,30
50,22,30
NA,23,30
32,24,30
34,24,30
36,24,30
38,24,30
40,24,30
42,24,30
44,24,30
46,24,30
48,24,30
50,24,30
NA,25,30
32,26,30
34,26,30
36,26,30
38,26,30
40,26,30
42,26,30
44,26,30
46,26,30
48,26,30
50,26,30
NA,27,30
32,28,30
34,28,30
36,28,30
38,28,30
40,28,30
42,28,30
44,28,30
46,28,30
48,28,30
50,28,30
NA,29,30
32,30,30
34,30,30
36,30,30
38,30,30
40,30,30
42,30,30
44,30,30
46,30,30
48,30,30
50,30,30
NA,31,30
34,32,30
36,32,30
38,32,30
40,32,30
42,32,30
44,32,30
46,32,30
48,32,30
50,32,30
NA,33,30
36,34,30
38,34,30
40,34,30
42,34,30
44,34,30
46,34,30
48,34,30
50,34,30
NA,35,30
38,36,30
40,36,30
42,36,30
44,36,30
46,36,30
48,36,30
50,36,30
NA,37,30
40,38,30
42,38,30
44,38,30
46,38,30
48,38,30
50,38,30
NA,39,30
42,40,30
44,40,30
46,40,30
48,40,30
50,40,30
NA,41,30
44,42,30
46,42,30
48,42,30
50,42,30
NA,43,30
46,44,30
48,44,30
50,44,30
NA,45,30
48,46,30
50,46,30
NA,47,30
50,48,30
NA,49,30
NA,2,31
NA,3,31
NA,4,31
NA,5,31
NA,6,31
NA,7,31
NA,8,31
NA,9,31
NA,10,31
NA,11,31
NA,12,31
NA,13,31
NA,14,31
NA,15,31
NA,16,31
NA,17,31
NA,18,31
NA,19,31
NA,20,31
NA,21,31
NA,22,31
NA,23,31
NA,24,31
NA,25,31
NA,26,31
NA,27,31
NA,28,31
NA,29,31
NA,30,31
NA,31,31
NA,32,31
NA,33,31
NA,34,31
NA,35,31
NA,36,31
NA,37,31
NA,38,31
NA,39,31
NA,40,31
NA,41,31
NA,42,31
NA,43,31
NA,44,31
NA,45,31
NA,46,31
NA,47,31
NA,48,31
NA,49,31
34,2,32
36,2,32
38,2,32
40,2,32
42,2,32
44,2,32
46,2,32
48,2,32
50,2,32
NA,3,32
34,4,32
36,4,32
38,4,32
40,4,32
42,4,32
44,4,32
46,4,32
48,4,32
50,4,32
NA,5,32
34,6,32
36,6,32
38,6,32
40,6,32
42,6,32
44,6,32
46,6,32
48,6,32
50,6,32
NA,7,32
34,8,32
36,8,32
38,8,32
40,8,32
42,8,32
44,8,32
46,8,32
48,8,32
50,8,32
NA,9,32
34,10,32
36,10,32
38,10,32
40,10,32
42,10,32
44,10,32
46,10,32
48,10,32
50,10,32
NA,11,32
34,12,32
36,12,32
38,12,32
40,12,32
42,12,32
44,12,32
46,12,32
48,12,32
50,12,32
NA,13,32
34,14,32
36,14,32
38,14,32
40,14,32
42,14,32
44,14,32
46,14,32
48,14,32
50,14,32
NA,15,32
34,16,32
36,16,32
38,16,32
40,16,32
42,16,32
44,16,32
46,16,32
48,16,32
50,16,32
NA,17,32
34,18,32
36,18,32
38,18,32
40,18,32
42,18,32
44,18,32
46,18,32
48,18,32
50,18,32
NA,19,32
34,20,32
36,20,32
38,20,32
40,20,32
42,20,32
44,20,32
46,20,32
48,20,32
50,20,32
NA,21,32
34,22,32
36,22,32
38,22,32
40,22,32
42,22,32
44,22,32
46,22,32
48,22,32
50,22,32
NA,23,32
34,24,32
36,24,32
38,24,32
40,24,32
42,24,32
44,24,32
46,24,32
48,24,32
50,24,32
NA,25,32
34,26,32
36,26,32
38,26,32
40,26,32
42,26,32
44,26,32
46,26,32
48,26,32
50,26,32
NA,27,32
34,28,32
36,28,32
38,28,32
40,28,32
42,28,32
44,28,32
46,28,32
48,28,32
50,28,32
NA,29,32
34,30,32
36,30,32
38,30,32
40,30,32
42,30,32
44,30,32
46,30,32
48,30,32
50,30,32
NA,31,32
34,32,32
36,32,32
38,32,32
40,32,32
42,32,32
44,32,32
46,32,32
48,32,32
50,32,32
NA,33,32
36,34,32
38,34,32
40,34,32
42,34,32
44,34,32
46,34,32
48,34,32
50,34,32
NA,35,32
38,36,32
40,36,32
42,36,32
44,36,32
46,36,32
48,36,32
50,36,32
NA,37,32
40,38,32
42,38,32
44,38,32
46,38,32
48,38,32
50,38,32
NA,39,32
42,40,32
44,40,32
46,40,32
48,40,32
50,40,32
NA,41,32
44,42,32
46,42,32
48,42,32
50,42,32
NA,43,32
46,44,32
48,44,32
50,44,32
NA,45,32
48,46,32
50,46,32
NA,47,32
50,48,32
NA,49,32
NA,2,33
NA,3,33
NA,4,33
NA,5,33
NA,6,33
NA,7,33
NA,8,33
NA,9,33
NA,10,33
NA,11,33
NA,12,33
NA,13,33
NA,14,33
NA,15,33
NA,16,33
NA,17,33
NA,18,33
NA,19,33
NA,20,33
NA,21,33
NA,22,33
NA,23,33
NA,24,33
NA,25,33
NA,26,33
NA,27,33
NA,28,33
NA,29,33
NA,30,33
NA,31,33
NA,32,33
NA,33,33
NA,34,33
NA,35,33
NA,36,33
NA,37,33
NA,38,33
NA,39,33
NA,40,33
NA,41,33
NA,42,33
NA,43,33
NA,44,33
NA,45,33
NA,46,33
NA,47,33
NA,48,33
NA,49,33
36,2,34
38,2,34
40,2,34
42,2,34
44,2,34
46,2,34
48,2,34
50,2,34
NA,3,34
36,4,34
38,4,34
40,4,34
42,4,34
44,4,34
46,4,34
48,4,34
50,4,34
NA,5,34
36,6,34
38,6,34
40,6,34
42,6,34
44,6,34
46,6,34
48,6,34
50,6,34
NA,7,34
36,8,34
38,8,34
40,8,34
42,8,34
44,8,34
46,8,34
48,8,34
50,8,34
NA,9,34
36,10,34
38,10,34
40,10,34
42,10,34
44,10,34
46,10,34
48,10,34
50,10,34
NA,11,34
36,12,34
38,12,34
40,12,34
42,12,34
44,12,34
46,12,34
48,12,34
50,12,34
NA,13,34
36,14,34
38,14,34
40,14,34
42,14,34
44,14,34
46,14,34
48,14,34
50,14,34
NA,15,34
36,16,34
38,16,34
40,16,34
42,16,34
44,16,34
46,16,34
48,16,34
50,16,34
NA,17,34
36,18,34
38,18,34
40,18,34
42,18,34
44,18,34
46,18,34
48,18,34
50,18,34
NA,19,34
36,20,34
38,20,34
40,20,34
42,20,34
44,20,34
46,20,34
48,20,34
50,20,34
NA,21,34
36,22,34
38,22,34
40,22,34
42,22,34
44,22,34
46,22,34
48,22,34
50,22,34
NA,23,34
36,24,34
38,24,34
40,24,34
42,24,34
44,24,34
46,24,34
48,24,34
50,24,34
NA,25,34
36,26,34
38,26,34
40,26,34
42,26,34
44,26,34
46,26,34
48,26,34
50,26,34
NA,27,34
36,28,34
38,28,34
40,28,34
42,28,34
44,28,34
46,28,34
48,28,34
50,28,34
NA,29,34
36,30,34
38,30,34
40,30,34
42,30,34
44,30,34
46,30,34
48,30,34
50,30,34
NA,31,34
36,32,34
38,32,34
40,32,34
42,32,34
44,32,34
46,32,34
48,32,34
50,32,34
NA,33,34
36,34,34
38,34,34
40,34,34
42,34,34
44,34,34
46,34,34
48,34,34
50,34,34
NA,35,34
38,36,34
40,36,34
42,36,34
44,36,34
46,36,34
48,36,34
50,36,34
NA,37,34
40,38,34
42,38,34
44,38,34
46,38,34
48,38,34
50,38,34
NA,39,34
42,40,34
44,40,34
46,40,34
48,40,34
50,40,34
NA,41,34
44,42,34
46,42,34
48,42,34
50,42,34
NA,43,34
46,44,34
48,44,34
50,44,34
NA,45,34
48,46,34
50,46,34
NA,47,34
50,48,34
NA,49,34
NA,2,35
NA,3,35
NA,4,35
NA,5,35
NA,6,35
NA,7,35
NA,8,35
NA,9,35
NA,10,35
NA,11,35
NA,12,35
NA,13,35
NA,14,35
NA,15,35
NA,16,35
NA,17,35
NA,18,35
NA,19,35
NA,20,35
NA,21,35
NA,22,35
NA,23,35
NA,24,35
NA,25,35
NA,26,35
NA,27,35
NA,28,35
NA,29,35
NA,30,35
NA,31,35
NA,32,35
NA,33,35
NA,34,35
NA,35,35
NA,36,35
NA,37,35
NA,38,35
NA,39,35
NA,40,35
NA,41,35
NA,42,35
NA,43,35
NA,44,35
NA,45,35
NA,46,35
NA,47,35
NA,48,35
NA,49,35
38,2,36
40,2,36
42,2,36
44,2,36
46,2,36
48,2,36
50,2,36
NA,3,36
38,4,36
40,4,36
42,4,36
44,4,36
46,4,36
48,4,36
50,4,36
NA,5,36
38,6,36
40,6,36
42,6,36
44,6,36
46,6,36
48,6,36
50,6,36
NA,7,36
38,8,36
40,8,36
42,8,36
44,8,36
46,8,36
48,8,36
50,8,36
NA,9,36
38,10,36
40,10,36
42,10,36
44,10,36
46,10,36
48,10,36
50,10,36
NA,11,36
38,12,36
40,12,36
42,12,36
44,12,36
46,12,36
48,12,36
50,12,36
NA,13,36
38,14,36
40,14,36
42,14,36
44,14,36
46,14,36
48,14,36
50,14,36
NA,15,36
38,16,36
40,16,36
42,16,36
44,16,36
46,16,36
48,16,36
50,16,36
NA,17,36
38,18,36
40,18,36
42,18,36
44,18,36
46,18,36
48,18,36
50,18,36
NA,19,36
38,20,36
40,20,36
42,20,36
44,20,36
46,20,36
48,20,36
50,20,36
NA,21,36
38,22,36
40,22,36
42,22,36
44,22,36
46,22,36
48,22,36
50,22,36
NA,23,36
38,24,36
40,24,36
42,24,36
44,24,36
46,24,36
48,24,36
50,24,36
NA,25,36
38,26,36
40,26,36
42,26,36
44,26,36
46,26,36
48,26,36
50,26,36
NA,27,36
38,28,36
40,28,36
42,28,36
44,28,36
46,28,36
48,28,36
50,28,36
NA,29,36
38,30,36
40,30,36
42,30,36
44,30,36
46,30,36
48,30,36
50,30,36
NA,31,36
38,32,36
40,32,36
42,32,36
44,32,36
46,32,36
48,32,36
50,32,36
NA,33,36
38,34,36
40,34,36
42,34,36
44,34,36
46,34,36
48,34,36
50,34,36
NA,35,36
38,36,36
40,36,36
42,36,36
44,36,36
46,36,36
48,36,36
50,36,36
NA,37,36
40,38,36
42,38,36
44,38,36
46,38,36
48,38,36
50,38,36
NA,39,36
42,40,36
44,40,36
46,40,36
48,40,36
50,40,36
NA,41,36
44,42,36
46,42,36
48,42,36
50,42,36
NA,43,36
46,44,36
48,44,36
50,44,36
NA,45,36
48,46,36
50,46,36
NA,47,36
50,48,36
NA,49,36
NA,2,37
NA,3,37
NA,4,37
NA,5,37
NA,6,37
NA,7,37
NA,8,37
NA,9,37
NA,10,37
NA,11,37
NA,12,37
NA,13,37
NA,14,37
NA,15,37
NA,16,37
NA,17,37
NA,18,37
NA,19,37
NA,20,37
NA,21,37
NA,22,37
NA,23,37
NA,24,37
NA,25,37
NA,26,37
NA,27,37
NA,28,37
NA,29,37
NA,30,37
NA,31,37
NA,32,37
NA,33,37
NA,34,37
NA,35,37
NA,36,37
NA,37,37
NA,38,37
NA,39,37
NA,40,37
NA,41,37
NA,42,37
NA,43,37
NA,44,37
NA,45,37
NA,46,37
NA,47,37
NA,48,37
NA,49,37
40,2,38
42,2,38
44,2,38
46,2,38
48,2,38
50,2,38
NA,3,38
40,4,38
42,4,38
44,4,38
46,4,38
48,4,38
50,4,38
NA,5,38
40,6,38
42,6,38
44,6,38
46,6,38
48,6,38
50,6,38
NA,7,38
40,8,38
42,8,38
44,8,38
46,8,38
48,8,38
50,8,38
NA,9,38
40,10,38
42,10,38
44,10,38
46,10,38
48,10,38
50,10,38
NA,11,38
40,12,38
42,12,38
44,12,38
46,12,38
48,12,38
50,12,38
NA,13,38
40,14,38
42,14,38
44,14,38
46,14,38
48,14,38
50,14,38
NA,15,38
40,16,38
42,16,38
44,16,38
46,16,38
48,16,38
50,16,38
NA,17,38
40,18,38
42,18,38
44,18,38
46,18,38
48,18,38
50,18,38
NA,19,38
40,20,38
42,20,38
44,20,38
46,20,38
48,20,38
50,20,38
NA,21,38
40,22,38
42,22,38
44,22,38
46,22,38
48,22,38
50,22,38
NA,23,38
40,24,38
42,24,38
44,24,38
46,24,38
48,24,38
50,24,38
NA,25,38
40,26,38
42,26,38
44,26,38
46,26,38
48,26,38
50,26,38
NA,27,38
40,28,38
42,28,38
44,28,38
46,28,38
48,28,38
50,28,38
NA,29,38
40,30,38
42,30,38
44,30,38
46,30,38
48,30,38
50,30,38
NA,31,38
40,32,38
42,32,38
44,32,38
46,32,38
48,32,38
50,32,38
NA,33,38
40,34,38
42,34,38
44,34,38
46,34,38
48,34,38
50,34,38
NA,35,38
40,36,38
42,36,38
44,36,38
46,36,38
48,36,38
50,36,38
NA,37,38
40,38,38
42,38,38
44,38,38
46,38,38
48,38,38
50,38,38
NA,39,38
42,40,38
44,40,38
46,40,38
48,40,38
50,40,38
NA,41,38
44,42,38
46,42,38
48,42,38
50,42,38
NA,43,38
46,44,38
48,44,38
50,44,38
NA,45,38
48,46,38
50,46,38
NA,47,38
50,48,38
NA,49,38
NA,2,39
NA,3,39
NA,4,39
NA,5,39
NA,6,39
NA,7,39
NA,8,39
NA,9,39
NA,10,39
NA,11,39
NA,12,39
NA,13,39
NA,14,39
NA,15,39
NA,16,39
NA,17,39
NA,18,39
NA,19,39
NA,20,39
NA,21,39
NA,22,39
NA,23,39
NA,24,39
NA,25,39
NA,26,39
NA,27,39
NA,28,39
NA,29,39
NA,30,39
NA,31,39
NA,32,39
NA,33,39
NA,34,39
NA,35,39
NA,36,39
NA,37,39
NA,38,39
NA,39,39
NA,40,39
NA,41,39
NA,42,39
NA,43,39
NA,44,39
NA,45,39
NA,46,39
NA,47,39
NA,48,39
NA,49,39
42,2,40
44,2,40
46,2,40
48,2,40
50,2,40
NA,3,40
42,4,40
44,4,40
46,4,40
48,4,40
50,4,40
NA,5,40
42,6,40
44,6,40
46,6,40
48,6,40
50,6,40
NA,7,40
42,8,40
44,8,40
46,8,40
48,8,40
50,8,40
NA,9,40
42,10,40
44,10,40
46,10,40
48,10,40
50,10,40
NA,11,40
42,12,40
44,12,40
46,12,40
48,12,40
50,12,40
NA,13,40
42,14,40
44,14,40
46,14,40
48,14,40
50,14,40
NA,15,40
42,16,40
44,16,40
46,16,40
48,16,40
50,16,40
NA,17,40
42,18,40
44,18,40
46,18,40
48,18,40
50,18,40
NA,19,40
42,20,40
44,20,40
46,20,40
48,20,40
50,20,40
NA,21,40
42,22,40
44,22,40
46,22,40
48,22,40
50,22,40
NA,23,40
42,24,40
44,24,40
46,24,40
48,24,40
50,24,40
NA,25,40
42,26,40
44,26,40
46,26,40
48,26,40
50,26,40
NA,27,40
42,28,40
44,28,40
46,28,40
48,28,40
50,28,40
NA,29,40
42,30,40
44,30,40
46,30,40
48,30,40
50,30,40
NA,31,40
42,32,40
44,32,40
46,32,40
48,32,40
50,32,40
NA,33,40
42,34,40
44,34,40
46,34,40
48,34,40
50,34,40
NA,35,40
42,36,40
44,36,40
46,36,40
48,36,40
50,36,40
NA,37,40
42,38,40
44,38,40
46,38,40
48,38,40
50,38,40
NA,39,40
42,40,40
44,40,40
46,40,40
48,40,40
50,40,40
NA,41,40
44,42,40
46,42,40
48,42,40
50,42,40
NA,43,40
46,44,40
48,44,40
50,44,40
NA,45,40
48,46,40
50,46,40
NA,47,40
50,48,40
NA,49,40
NA,2,41
NA,3,41
NA,4,41
NA,5,41
NA,6,41
NA,7,41
NA,8,41
NA,9,41
NA,10,41
NA,11,41
NA,12,41
NA,13,41
NA,14,41
NA,15,41
NA,16,41
NA,17,41
NA,18,41
NA,19,41
NA,20,41
NA,21,41
NA,22,41
NA,23,41
NA,24,41
NA,25,41
NA,26,41
NA,27,41
NA,28,41
NA,29,41
NA,30,41
NA,31,41
NA,32,41
NA,33,41
NA,34,41
NA,35,41
NA,36,41
NA,37,41
NA,38,41
NA,39,41
NA,40,41
NA,41,41
NA,42,41
NA,43,41
NA,44,41
NA,45,41
NA,46,41
NA,47,41
NA,48,41
NA,49,41
44,2,42
46,2,42
48,2,42
50,2,42
NA,3,42
44,4,42
46,4,42
48,4,42
50,4,42
NA,5,42
44,6,42
46,6,42
48,6,42
50,6,42
NA,7,42
44,8,42
46,8,42
48,8,42
50,8,42
NA,9,42
44,10,42
46,10,42
48,10,42
50,10,42
NA,11,42
44,12,42
46,12,42
48,12,42
50,12,42
NA,13,42
44,14,42
46,14,42
48,14,42
50,14,42
NA,15,42
44,16,42
46,16,42
48,16,42
50,16,42
NA,17,42
44,18,42
46,18,42
48,18,42
50,18,42
NA,19,42
44,20,42
46,20,42
48,20,42
50,20,42
NA,21,42
44,22,42
46,22,42
48,22,42
50,22,42
NA,23,42
44,24,42
46,24,42
48,24,42
50,24,42
NA,25,42
44,26,42
46,26,42
48,26,42
50,26,42
NA,27,42
44,28,42
46,28,42
48,28,42
50,28,42
NA,29,42
44,30,42
46,30,42
48,30,42
50,30,42
NA,31,42
44,32,42
46,32,42
48,32,42
50,32,42
NA,33,42
44,34,42
46,34,42
48,34,42
50,34,42
NA,35,42
44,36,42
46,36,42
48,36,42
50,36,42
NA,37,42
44,38,42
46,38,42
48,38,42
50,38,42
NA,39,42
44,40,42
46,40,42
48,40,42
50,40,42
NA,41,42
44,42,42
46,42,42
48,42,42
50,42,42
NA,43,42
46,44,42
48,44,42
50,44,42
NA,45,42
48,46,42
50,46,42
NA,47,42
50,48,42
NA,49,42
NA,2,43
NA,3,43
NA,4,43
NA,5,43
NA,6,43
NA,7,43
NA,8,43
NA,9,43
NA,10,43
NA,11,43
NA,12,43
NA,13,43
NA,14,43
NA,15,43
NA,16,43
NA,17,43
NA,18,43
NA,19,43
NA,20,43
NA,21,43
NA,22,43
NA,23,43
NA,24,43
NA,25,43
NA,26,43
NA,27,43
NA,28,43
NA,29,43
NA,30,43
NA,31,43
NA,32,43
NA,33,43
NA,34,43
NA,35,43
NA,36,43
NA,37,43
NA,38,43
NA,39,43
NA,40,43
NA,41,43
NA,42,43
NA,43,43
NA,44,43
NA,45,43
NA,46,43
NA,47,43
NA,48,43
NA,49,43
46,2,44
48,2,44
50,2,44
NA,3,44
46,4,44
48,4,44
50,4,44
NA,5,44
46,6,44
48,6,44
50,6,44
NA,7,44
46,8,44
48,8,44
50,8,44
NA,9,44
46,10,44
48,10,44
50,10,44
NA,11,44
46,12,44
48,12,44
50,12,44
NA,13,44
46,14,44
48,14,44
50,14,44
NA,15,44
46,16,44
48,16,44
50,16,44
NA,17,44
46,18,44
48,18,44
50,18,44
NA,19,44
46,20,44
48,20,44
50,20,44
NA,21,44
46,22,44
48,22,44
50,22,44
NA,23,44
46,24,44
48,24,44
50,24,44
NA,25,44
46,26,44
48,26,44
50,26,44
NA,27,44
46,28,44
48,28,44
50,28,44
NA,29,44
46,30,44
48,30,44
50,30,44
NA,31,44
46,32,44
48,32,44
50,32,44
NA,33,44
46,34,44
48,34,44
50,34,44
NA,35,44
46,36,44
48,36,44
50,36,44
NA,37,44
46,38,44
48,38,44
50,38,44
NA,39,44
46,40,44
48,40,44
50,40,44
NA,41,44
46,42,44
48,42,44
50,42,44
NA,43,44
46,44,44
48,44,44
50,44,44
NA,45,44
48,46,44
50,46,44
NA,47,44
50,48,44
NA,49,44
NA,2,45
NA,3,45
NA,4,45
NA,5,45
NA,6,45
NA,7,45
NA,8,45
NA,9,45
NA,10,45
NA,11,45
NA,12,45
NA,13,45
NA,14,45
NA,15,45
NA,16,45
NA,17,45
NA,18,45
NA,19,45
NA,20,45
NA,21,45
NA,22,45
NA,23,45
NA,24,45
NA,25,45
NA,26,45
NA,27,45
NA,28,45
NA,29,45
NA,30,45
NA,31,45
NA,32,45
NA,33,45
NA,34,45
NA,35,45
NA,36,45
NA,37,45
NA,38,45
NA,39,45
NA,40,45
NA,41,45
NA,42,45
NA,43,45
NA,44,45
NA,45,45
NA,46,45
NA,47,45
NA,48,45
NA,49,45
48,2,46
50,2,46
NA,3,46
48,4,46
50,4,46
NA,5,46
48,6,46
50,6,46
NA,7,46
48,8,46
50,8,46
NA,9,46
48,10,46
50,10,46
NA,11,46
48,12,46
50,12,46
NA,13,46
48,14,46
50,14,46
NA,15,46
48,16,46
50,16,46
NA,17,46
48,18,46
50,18,46
NA,19,46
48,20,46
50,20,46
NA,21,46
48,22,46
50,22,46
NA,23,46
48,24,46
50,24,46
NA,25,46
48,26,46
50,26,46
NA,27,46
48,28,46
50,28,46
NA,29,46
48,30,46
50,30,46
NA,31,46
48,32,46
50,32,46
NA,33,46
48,34,46
50,34,46
NA,35,46
48,36,46
50,36,46
NA,37,46
48,38,46
50,38,46
NA,39,46
48,40,46
50,40,46
NA,41,46
48,42,46
50,42,46
NA,43,46
48,44,46
50,44,46
NA,45,46
48,46,46
50,46,46
NA,47,46
50,48,46
NA,49,46
NA,2,47
NA,3,47
NA,4,47
NA,5,47
NA,6,47
NA,7,47
NA,8,47
NA,9,47
NA,10,47
NA,11,47
NA,12,47
NA,13,47
NA,14,47
NA,15,47
NA,16,47
NA,17,47
NA,18,47
NA,19,47
NA,20,47
NA,21,47
NA,22,47
NA,23,47
NA,24,47
NA,25,47
NA,26,47
NA,27,47
NA,28,47
NA,29,47
NA,30,47
NA,31,47
NA,32,47
NA,33,47
NA,34,47
NA,35,47
NA,36,47
NA,37,47
NA,38,47
NA,39,47
NA,40,47
NA,41,47
NA,42,47
NA,43,47
NA,44,47
NA,45,47
NA,46,47
NA,47,47
NA,48,47
NA,49,47
50,2,48
NA,3,48
50,4,48
NA,5,48
50,6,48
NA,7,48
50,8,48
NA,9,48
50,10,48
NA,11,48
50,12,48
NA,13,48
50,14,48
NA,15,48
50,16,48
NA,17,48
50,18,48
NA,19,48
50,20,48
NA,21,48
50,22,48
NA,23,48
50,24,48
NA,25,48
50,26,48
NA,27,48
50,28,48
NA,29,48
50,30,48
NA,31,48
50,32,48
NA,33,48
50,34,48
NA,35,48
50,36,48
NA,37,48
50,38,48
NA,39,48
50,40,48
NA,41,48
50,42,48
NA,43,48
50,44,48
NA,45,48
50,46,48
NA,47,48
50,48,48
NA,49,48
NA,2,49
NA,3,49
NA,4,49
NA,5,49
NA,6,49
NA,7,49
NA,8,49
NA,9,49
NA,10,49
NA,11,49
NA,12,49
NA,13,49
NA,14,49
NA,15,49
NA,16,49
NA,17,49
NA,18,49
NA,19,49
NA,20,49
NA,21,49
NA,22,49
NA,23,49
NA,24,49
NA,25,49
NA,26,49
NA,27,49
NA,28,49
NA,29,49
NA,30,49
NA,31,49
NA,32,49
NA,33,49
NA,34,49
NA,35,49
NA,36,49
NA,37,49
NA,38,49
NA,39,49
NA,40,49
NA,41,49
NA,42,49
NA,43,49
NA,44,49
NA,45,49
NA,46,49
NA,47,49
NA,48,49
NA,49,49
