"o_x","o_y","d_x","d_y"
832498.680719609,5667059.40032387,832211.727631197,5667742.65112437
832279.067363086,5666915.07256204,831921.345988532,5667644.49591488
832348.36247019,5666909.40294303,831985.488314644,5667642.09650482
832540.652253362,5666997.54309357,832211.456472062,5667783.91050649
832539.65237185,5666971.59907352,832228.521096985,5667711.80876487
832452.431773855,5666908.21427613,832126.876545575,5667736.88137632
832239.980325361,5666947.17421608,831879.021143456,5667670.83721703
832216.441598175,5666957.45033477,831844.864520586,5667626.57996291
832404.996752454,5666922.73243897,831921.788273013,5667760.61567927
832406.934957391,5666922.93431331,831975.194202419,5667902.41433856
832395.294531463,5667020.94579554,832072.066105641,5667730.12603813
832740.17209131,5666969.84488593,832245.529284913,5667839.07520615
832584.836366549,5666922.55186546,832301.11774276,5667667.97677756
832578.574678981,5666926.73510589,832298.716519598,5667639.71178164
832858.708677225,5667039.86793273,832406.970931918,5667834.71141355
832550.437271292,5666868.98919412,832198.21543541,5667712.83555389
832842.127626743,5667029.28682815,832388.707942386,5667689.78451072
832741.518436197,5667004.06444357,832348.783533509,5667701.27243456
832733.915713386,5667019.59479615,832321.973166258,5667765.86228324
833821.403216437,5668339.91636418,833835.252751926,5667990.84485021
833844.087395094,5668410.51947834,833845.552794714,5668063.815324
833835.005808194,5668382.25359637,833839.490305952,5667984.19608687
833621.351615448,5668292.787097,833622.655631537,5668051.97255461
833638.40947375,5668336.54714651,833662.165361544,5668036.23069669
833648.405177404,5668362.19000889,833695.005400526,5667928.27361329
833684.823334399,5668206.46313542,833700.317860259,5668132.07956086
833722.296640291,5668305.00414915,833753.679718712,5668118.94135584
833657.492459837,5668388.5764299,833765.80649441,5667998.05422435
833669.793879352,5668384.45309897,833747.319484083,5668098.63174947
833712.936506452,5668369.86849003,833756.711495559,5668128.84512272
833746.980951744,5668358.427123,833765.16719982,5668156.4669854
833782.264093766,5668347.00650103,833771.633112171,5668090.70806162
833805.788995762,5668289.1643498,833823.395122049,5668009.44958641
833780.787586292,5668207.49338803,833774.024153445,5668086.95366682
831957.486405021,5668113.57661405,833068.929270824,5667030.18191978
832068.566341434,5668123.21851047,832871.636666543,5667271.80556612
832138.745673311,5668127.60286861,832973.530197791,5667306.24838807
832109.078169272,5668125.75363897,832935.764061088,5667275.26582342
831939.820932237,5668206.3363281,832885.409502797,5667249.15048398
832137.954638634,5668213.68033935,833121.39434315,5667222.52663547
832133.047308089,5668269.25543407,833175.751124068,5667301.33609401
832135.256541474,5668244.23870937,833172.474386993,5667260.37730149
831989.866627783,5668056.2089576,832980.452475378,5667110.84188716
832060.802423809,5668164.98249028,833022.897041253,5667150.980006
832061.960726889,5668145.53247977,833013.971385212,5667148.22829686
831875.341860297,5668261.53468611,833017.249679923,5667114.81847461
831896.733147441,5668215.6373693,832930.526657943,5667174.17237053
831950.019714421,5668098.58660887,832948.125097029,5667145.22036302
832177.136397383,5668177.60585625,833127.035175297,5667226.70701294
832123.870569182,5668373.13245574,832966.273640567,5667334.20252914
832123.409059671,5668378.35712479,832964.102485441,5667342.57351174
832122.354878674,5668390.24990476,832960.442588007,5667356.68440477
832114.702579798,5668475.01401587,832945.321912151,5667414.97635933
832116.132783094,5668459.66751399,832951.454349125,5667391.33894895
832119.659125372,5668420.78567565,832954.147885312,5667380.95390356
832113.680654487,5668487.10409063,832942.990322814,5667423.940884
832121.586991261,5668398.9480427,832954.977318285,5667377.75598881
832121.779022243,5668381.75045036,832963.720975693,5667344.04443909
832109.93133263,5668380.78327604,832967.303541155,5667330.23170284
832105.932231621,5668588.28773634,832933.598802214,5667460.04952319
832104.989434868,5668600.68791867,832927.771306014,5667482.45515552
832104.752491478,5668603.80432867,832927.07232588,5667485.14260333
832101.782261161,5668644.1810747,832918.644511481,5667517.54597251
832095.043598123,5668499.01796052,832945.918237773,5667412.68359892
832130.050448347,5668382.19235458,832959.431696594,5667360.58194037
832134.09012909,5668507.75969761,832937.109464157,5667446.551685
832137.509192167,5668507.9841337,832935.889135881,5667451.24361886
832131.018686452,5668507.55808023,832955.47366857,5667418.53852532
832817.029512393,5667849.67874185,832087.688667524,5667699.07686214
833198.941060514,5667827.61716283,831916.298112646,5667597.15652762
833189.3987716,5667801.30459418,831919.455986008,5667582.49794328
832653.254873152,5667941.69731518,831717.933624109,5667723.66807193
833160.592225657,5667706.07923233,831869.687951894,5667499.03919711
832830.05286854,5667956.02608274,831897.309177881,5667707.13004533
833220.302121804,5667746.96868981,831857.284306936,5667551.65770885
833078.285282211,5667942.88893014,832099.916821096,5667715.84871604
833187.20937732,5667905.5181468,831985.138174185,5667655.50778013
833150.640131526,5667918.06305809,832005.447032206,5667669.1279525
832785.016429021,5667925.98870084,832127.80937158,5667736.83468656
832808.212926442,5667914.5036011,832067.964891163,5667712.49666042
832784.244976776,5667870.06373419,832124.111492304,5667718.19914352
832934.464575093,5667696.03777608,831851.411458393,5667530.59696834
832932.041350713,5667689.2074131,831849.740065846,5667529.14778028
832980.66896908,5667827.79927682,831754.25645532,5667572.88257472
832981.316645876,5667829.7751813,831935.657497478,5667619.02725682
833028.504160702,5667959.94078759,832171.851776872,5667734.19321317
833236.788047439,5667893.74845276,831964.815040651,5667641.92920902
833237.991887797,5667897.15540946,831638.588319997,5667583.36766285
833759.119136426,5666821.90698807,833912.826059142,5666029.34789263
833957.809512373,5666750.61867511,834164.49566785,5666003.98628081
833889.024602034,5666878.44807641,834047.360357826,5666003.19893923
833757.772699423,5666881.15279406,833914.289460637,5666029.07358466
833920.278291584,5666820.51305708,834138.392706144,5665985.42688471
833924.563906387,5666813.00360253,834160.993786149,5665986.49433094
833883.069282885,5666720.53542107,833994.931166361,5666013.51568436
833876.013444652,5666720.3926782,833987.45222398,5666015.02725205
833924.469760512,5666893.19182623,834193.893830313,5665973.5914904
833992.733905641,5666921.59149988,834184.801776473,5666100.99816987
834025.919177613,5666935.40456978,834185.78909654,5666105.45871445
833958.352451175,5666945.17726851,834205.598751929,5665970.94500253
833768.08606106,5666865.01646499,833932.932014495,5666025.57366286
833770.155274241,5666861.47761929,833942.859881548,5666023.69206491
833728.96247104,5666836.3401269,833893.735366543,5666032.9263563
833942.983987534,5666723.63833836,834131.465387817,5665986.87337111
833788.806092351,5666836.7440807,833979.268362587,5666016.6812908
834001.21108462,5666876.96188238,834182.937183974,5666092.33139355
833868.578409255,5666869.93827664,834011.464313006,5666010.21501172
833722.387863264,5667962.24294963,833568.17698309,5668363.88339747
833829.974929222,5668050.97318135,833701.87014955,5668373.60833306
833850.289431267,5668067.72013126,833711.053123336,5668370.50497386
833821.193604039,5668043.7339976,833666.040855484,5668385.72224133
833815.032536674,5668022.57056391,833533.7355496,5668515.63542027
833818.845061469,5668016.58867556,833521.234557169,5668559.67291175
833707.080457133,5668018.42709758,833571.475731284,5668374.03971411
833729.294959353,5667804.59998473,833507.305625309,5668412.99925235
833970.339008976,5667933.9497606,833665.822989247,5668473.76566261
833718.771244236,5668006.09168795,833574.325790644,5668382.8145898
833667.027443024,5667837.1770973,833368.728064761,5668512.89289087
833691.283122134,5667811.33144611,833410.812129367,5668442.66164301
833762.149887379,5667869.38140159,833555.995974807,5668413.71564619
833714.970091553,5667830.49697472,833443.774145199,5668535.57407848
833860.268769036,5667951.58606857,833653.873426857,5668376.22032512
831883.78449552,5666435.190797,831773.084115179,5666712.06870038
831885.792042484,5666437.95242253,831773.646324625,5666711.42650825
831918.522355759,5666419.03820387,831872.549794498,5666625.08471946
831769.596647599,5666254.56869764,831551.181231457,5666801.58880585
831683.389465684,5666213.81033007,831578.73437212,5666592.30315377
831617.899284469,5666294.10858877,831511.333622376,5666543.5161534
831631.605719119,5666273.20481462,831535.167935242,5666560.75547875
831764.813387184,5666269.94011021,831559.119043216,5666791.8136415
831855.453138554,5666324.91186255,831577.362950104,5666769.33952422
831848.193719242,5666346.99037006,831658.961971743,5666653.87870625
831910.697498966,5666419.71726595,831866.549191692,5666611.3448368
831911.062929122,5666230.86180776,831564.676889037,5666784.96720572
831826.265747862,5666353.72569629,831650.713407765,5666644.37702004
831949.387318545,5666286.75292992,831906.518886363,5666607.71785053
831934.023596712,5666289.97219382,831709.21485419,5666690.00696444
831919.267081188,5666293.06591466,831647.492086268,5666682.3750125
833073.742460285,5667491.7269953,833144.444564066,5666400.9995649
833022.058646008,5667569.13415266,833113.057565579,5666279.03273314
833057.491614002,5667481.72519597,833124.037594318,5666353.47256817
833026.531831978,5667462.73215964,833107.479736623,5666241.18857531
833028.891329354,5667464.17965108,833111.786779486,5666270.41005687
833026.694895224,5667462.83219478,833110.538378421,5666261.93926994
833071.316299675,5667490.20628789,833134.827348467,5666400.50078136
833025.56877798,5667581.01987988,833114.669942765,5666289.97321051
833072.480169791,5667576.59581675,833148.533520331,5666401.2122353
833044.536039066,5667568.87897215,833115.67198515,5666296.77237769
833063.030258267,5667514.73130033,833128.029248653,5666398.61288079
833059.453801273,5667523.73754446,833125.274766206,5666409.55628713
833060.147550177,5667521.99054402,833128.313968643,5666381.23849368
833053.08230391,5667540.13241625,833108.842029551,5666444.37784642
833057.671261743,5667575.8637199,833127.528962237,5666401.66439266
831610.89239331,5666728.25426116,831043.168201753,5666347.9148176
831629.776712164,5666704.80848907,831018.188028476,5666322.67092046
831697.866680252,5666681.95410895,831017.419698354,5666268.49455204
831744.971217267,5666715.38028233,831003.498932505,5666311.35217521
831757.793993405,5666718.24496455,831083.898280425,5666123.31945601
831658.956565848,5666653.87077655,830908.454957203,5666174.56752816
831615.805427496,5666619.14341542,831030.225826201,5666239.36182121
831571.025860722,5666777.14604619,830985.823264978,5666346.66613383
831595.382668757,5666747.23373058,831052.506448548,5666359.15534191
831570.347674125,5666777.98148945,830985.899322538,5666357.54412443
831816.568358576,5666663.98389248,831119.12947515,5666109.53677831
831764.419696449,5666724.3612513,831113.451273484,5666179.40820145
831784.210276788,5666699.35967644,831180.302048332,5666195.81664824
831649.508187473,5666643.52429434,830947.979228462,5666191.39269175
831652.062383095,5666645.3314563,830937.484596566,5666187.00991538
834814.721367545,5666186.29332849,833684.245324721,5666267.45656411
834793.048661424,5666156.13179489,833638.998919803,5666205.74976616
834805.805630697,5666173.800944,833686.649957639,5666266.95005241
834823.445125332,5666199.71824796,833649.328327918,5666278.47748774
834835.586968479,5666001.18170698,833730.974457688,5666063.32206733
834821.339062972,5666005.51418522,833678.958332296,5666072.94329179
834835.010490564,5666001.35700139,833695.179069253,5666069.94300389
834774.233570351,5666156.53009879,833636.312701747,5666186.87987039
834749.895438156,5666164.3531657,833639.528676701,5666209.47115335
834715.347725617,5666037.41617011,833603.924746648,5666086.67065007
834737.071792489,5666030.95254798,833645.896661952,5666079.06248369
834718.141704535,5666036.58481469,833617.104580629,5666084.5193986
834737.254654336,5666030.8981447,833665.047496558,5666075.51788838
834756.831682202,5666025.07361195,833675.165404625,5666073.64518205
834781.045183676,5666118.71335207,833635.158148463,5666178.76947143
834768.567849805,5666050.50625153,833621.989042854,5666086.31439973
834777.081480501,5666097.04584651,833633.048726466,5666163.95139918
834769.865346358,5666057.59899095,833623.829413699,5666099.24415843
831012.250236692,5666785.86483298,830707.642581657,5666480.20078803
831026.615654561,5666801.20740605,830718.26942672,5666492.65698634
831012.462031337,5666814.08987138,830711.96805125,5666553.30326217
830998.314096281,5666798.43469519,830707.247511872,5666542.82900794
831020.928742612,5666826.70258152,830742.037747708,5666585.30941105
831016.720356293,5666820.15725813,830688.90961734,5666537.74476175
831001.956519995,5666802.16812533,830704.867736348,5666545.737923
831018.797703719,5666823.38816653,830736.852685917,5666579.82403118
831023.567923228,5666881.93069795,830679.783266786,5666541.82675387
831055.566346712,5666846.82957924,830735.869104821,5666515.15774971
831057.238145995,5666850.97403227,830731.354189003,5666518.83287368
831057.944442347,5666852.71790778,830709.597743731,5666550.77805954
831053.175929733,5666835.7109449,830721.653427676,5666496.62339095
831038.11899405,5666853.6609335,830742.620102857,5666585.92549613
831044.856671235,5666825.09118724,830719.123600783,5666493.65820181
832920.971743408,5667266.30230217,832570.160764139,5668453.43594095
832922.509681459,5667267.23464114,832589.207601597,5668489.16811295
832957.251215245,5667288.42013063,832603.42013948,5668515.83106154
833051.144398073,5667347.22853745,832894.878834391,5668453.08351632
832982.953100226,5667304.96643791,832728.162543689,5668434.12465054
832984.610983071,5667305.99842645,832760.768438737,5668502.51423168
833201.278733448,5667281.58006178,832913.461337223,5668538.32399661
833008.234612447,5667174.79305846,832836.39746294,5668477.37015396
832923.724299537,5667185.37105692,832565.493535112,5668444.68014458
833104.203483318,5667209.7834345,832901.310987721,5668508.48009355
833030.720067916,5667078.90018268,832883.311607088,5668464.27111332
833062.762815997,5667179.12456001,832884.458309216,5668467.08912516
833030.086602753,5667078.11538388,832865.406139238,5668422.23863824
832987.236317912,5667254.54996888,832694.959987278,5668364.30938071
833020.901081027,5667101.74375842,832641.387761936,5668488.6314345
832971.291616224,5667109.98087831,832588.181156729,5668539.87060477
832983.443001657,5667110.71047485,832616.778251376,5668440.88229128
833079.716153109,5667191.636408,832884.583565746,5668563.64495424
833353.96129264,5668222.60242001,832115.854361284,5668462.65506188
833581.350072012,5668190.16755999,832121.874196929,5668506.95782085
833609.804219322,5668263.16352894,832330.939055897,5668521.13007851
833629.831120788,5668397.91978127,832226.903025405,5668600.09212448
833695.918280142,5668375.61974996,832526.662279238,5668551.92735055
833734.621833776,5668362.53999693,832557.081746588,5668545.9830052
833791.934852809,5668343.87566666,832560.509503835,5668545.31317845
833588.084004704,5668425.6570945,832659.061038354,5668619.75996853
833586.188304666,5668419.60980724,832542.807433478,5668608.47004978
833410.031624932,5668444.28870478,832786.945199728,5668555.67858589
833809.576182477,5668301.53577956,832610.849769167,5668529.76916578
833806.509682044,5668291.51858273,832654.860244518,5668515.88343885
833439.977733416,5668230.5323403,832123.260220265,5668507.04879455
833332.6622027,5668276.73977919,832216.874953346,5668513.19390634
833159.783403735,5668347.99293895,832226.531189607,5668513.82776651
833396.347900845,5668343.38058482,832393.067929723,5668525.55681921
833490.913777724,5668366.56692403,832780.052335589,5668500.41739202
833492.097881197,5668369.91895035,832698.570863958,5668519.55124584
833567.175379216,5668412.63802372,832284.532340889,5668610.19713549
833755.574372934,5666819.92747645,833838.498184651,5667208.08131581
833767.62223369,5666826.42996199,833839.577184917,5667208.60114134
833955.949337947,5666758.01738561,833983.278464516,5667191.25734969
833756.371567593,5666883.31403882,833784.500376374,5667125.08233558
833920.961042602,5666819.31670883,833922.450762611,5667190.34569053
833905.961708883,5666845.59924238,833919.992739343,5667185.93492264
833914.341300081,5666830.91613105,833921.59585953,5667189.42011409
833959.208408357,5666907.72057753,833952.044178379,5667185.25148255
833999.671256036,5666924.47893596,834000.903085725,5667172.09121825
833935.428663903,5666984.83925087,833950.847278351,5667260.2504871
833974.120022944,5666915.14474892,833996.637729824,5667196.5376147
833934.590809016,5666986.28923472,833949.696530651,5667259.75223504
833775.141896742,5666852.94931116,833846.122895478,5667211.75464143
833753.270431656,5666859.26803453,833764.748507701,5667166.7541828
833902.985031324,5666850.81397918,833903.901264494,5667238.98906842
833842.567005117,5666859.11039339,833877.916259079,5667098.84807197
833829.265594686,5666853.57553426,833874.606129901,5667225.47689231
834002.499786688,5666874.77740303,834014.323338918,5667206.61997534
833868.641989958,5666869.96475769,833893.272931841,5667234.16251645
833647.100866426,5666262.64211152,834809.707638242,5667465.771686
833641.448331602,5666222.96374326,834702.573673288,5667313.08666224
833645.49969429,5666251.39963117,834825.284769712,5667466.65572218
833502.317770089,5666303.17765413,834507.848119884,5667413.89692512
833503.939871721,5666302.812578,834577.578718166,5667355.95248359
833790.389810394,5666186.00189386,834712.38279188,5667246.09793549
833709.629017264,5666200.61974623,834801.633452746,5667386.73765309
833786.993216656,5666166.26598549,834717.977118325,5667228.22121127
833796.197416695,5666222.92933825,834710.131920705,5667262.66514246
833856.352929892,5666231.98629821,834763.203262588,5667231.1595166
833858.20919083,5666231.62066211,834820.522118388,5667241.96495452
833889.368580244,5666225.48305645,834951.060181111,5667267.06351147
833626.546402699,5666392.79886273,834694.1795918,5667445.32596617
833638.017872645,5666396.2666946,834691.287703027,5667408.27141194
833639.082849443,5666396.23240559,834694.461023238,5667382.93235274
833662.9913466,5666411.83795315,834701.632815093,5667385.53137585
833490.093773113,5666158.34317047,834797.488198024,5667465.06657726
833531.336522036,5666373.24684597,834424.560671319,5667403.07642333
831740.66296669,5666712.32307512,830635.740712764,5666461.03193776
831732.993672356,5666706.88081459,830692.088889247,5666434.92046243
831724.551278542,5666700.88994965,830655.619878491,5666395.68744355
831721.427435067,5666698.67321768,830628.379827975,5666366.70262047
831742.788486374,5666713.83137971,830629.048764645,5666464.13245736
831716.170395356,5666694.94273369,830627.062191868,5666365.12557521
831734.978379654,5666708.28919635,830655.626259824,5666446.61921186
831711.043014483,5666691.30425781,830635.575215135,5666358.90147314
831698.575516014,5666682.45711076,830687.704751223,5666362.7960841
831682.278254447,5666670.89229927,830689.644731611,5666363.32352127
831763.972785052,5666717.19055112,830694.592642755,5666464.94877668
831770.060211524,5666714.57470209,830685.78281802,5666427.93299228
831771.133422562,5666713.886069,830630.92975334,5666369.41721696
831767.347117588,5666715.91169029,830677.275996791,5666443.17148205
831767.876911038,5666715.67628699,830686.834287336,5666429.09807751
831772.474221376,5666721.96753483,830627.57643941,5666464.80196008
831763.919578876,5666724.44777065,830626.283845293,5666465.38973461
832800.50249819,5667272.60707841,833129.430091873,5667615.06269544
832784.540004741,5667256.74512046,833202.003158611,5667609.63712683
832965.764411318,5667293.85097117,833097.4389027,5667427.67045343
832903.906159106,5667387.95435116,833140.626695857,5667647.81908522
832844.973636178,5667351.88444374,833148.608471492,5667671.17028655
832906.244294038,5667389.28785201,833083.723108114,5667577.23472966
832829.147767796,5667341.93181416,833162.317228162,5667711.10231497
833011.102007995,5667163.34710399,833216.788828159,5667447.45430564
832998.650864781,5667213.0490778,833223.299156431,5667455.526329
832908.173747282,5667211.2491525,833241.484268893,5667572.82249688
832959.318219097,5667361.01945778,833108.042232838,5667513.20789221
832970.624405399,5667317.42796696,833176.011947292,5667519.8963739
832883.046515359,5667253.03738668,833213.814736778,5667571.960884
832845.02138843,5667315.58875175,833137.262750411,5667574.21053068
832823.87265219,5667349.1429156,833009.898291151,5667581.34275354
833014.13882613,5667144.81644202,833224.552597603,5667452.09874918
830823.28739096,5666480.99925063,831052.508025457,5667716.04806792
830721.606386322,5666523.13533723,831017.476980064,5667758.5408855
830642.199184249,5666558.63718955,830959.646955873,5667824.49558473
830666.63004388,5666547.70986695,830979.041088981,5667804.66485836
830749.900303503,5666387.901561,831048.535284241,5667720.9175895
830769.545116239,5666507.03863814,831041.969090609,5667728.96599231
830889.267354763,5666464.24056628,831070.844901944,5667693.26784264
830886.11308163,5666459.14440417,831065.969459785,5667699.37073135
830904.312101011,5666489.28539816,831071.076585189,5667692.97783057
830719.119299537,5666537.75449555,831008.476072187,5667769.34218654
830654.720930425,5666565.68716106,830969.753379984,5667815.81032749
830635.286018073,5666374.05480405,830983.963268543,5667798.75812717
830615.845198575,5666375.37459834,830971.025013483,5667814.2843374
830652.755580239,5666412.47012095,830999.311815496,5667780.33951001
830620.133759688,5666379.53484426,830971.856326992,5667813.28674164
830783.561614773,5666572.56021995,831026.481419432,5667747.73534658
830706.571096101,5666451.58724289,831023.003645492,5667751.90875706
830873.421772357,5666434.80815393,831059.885071996,5667706.98693114
830880.867047553,5666422.08573716,831070.05021725,5667694.262598
830614.392274185,5666572.96299083,831418.210829354,5666598.63701708
830715.886884329,5666525.67849377,831358.081491402,5666545.69056082
830618.999376514,5666569.99169849,831425.204669626,5666588.04138643
830706.68148407,5666529.79584289,831534.567221941,5666560.32046989
830804.081369564,5666489.76332104,831453.632615008,5666545.06399216
830890.341443579,5666465.9759045,831507.658718534,5666540.86057361
830682.512942228,5666428.15399579,831495.414854296,5666481.45608141
830733.26759113,5666511.39933951,831345.925587048,5666538.06321957
830671.484830285,5666559.18274809,831576.03713922,5666590.35021465
830672.267379003,5666558.84301104,831572.655757399,5666587.90191557
830663.758537511,5666404.26420671,831548.695424637,5666400.04502879
830652.490294806,5666449.54467652,831459.689227676,5666535.90602355
830643.470047514,5666402.48021902,831484.121276975,5666384.98509631
830842.180252648,5666633.43505763,831402.886067599,5666621.85394928
830849.827544215,5666641.93586104,831615.39322716,5666618.84505549
830763.435390709,5666552.18242785,831379.698014372,5666559.29130501
830739.600919402,5666582.73144198,831595.410932959,5666604.37786486
830700.499978035,5666444.55809972,831484.79031424,5666524.33527801
830688.627957294,5666458.14597824,831319.36643371,5666521.42166854
830900.071993946,5666459.53401181,831473.137739617,5666515.5684829
831248.223141828,5666565.86194836,832442.257286423,5666134.87387357
831260.14482554,5666553.39721158,832441.339758131,5666132.6248001
831350.146049828,5666540.70769569,832462.961578255,5666185.41662996
831370.79179861,5666440.30554774,832439.950849528,5666083.29149432
831293.141620255,5666509.0419352,832434.41266528,5666115.64576685
831278.187744964,5666508.48907029,832431.999618162,5666109.84631994
831287.228178713,5666508.82330731,832434.093308208,5666114.86307371
831250.352984227,5666506.81023797,832429.231426789,5666103.29426534
831326.266189755,5666434.23388866,832445.309046343,5666057.09412883
831353.74419663,5666438.7434129,832448.161108179,5666064.48224848
831336.099938557,5666435.84774402,832446.278244648,5666056.99602122
831362.348613165,5666442.64325886,832500.701441875,5666049.46433199
831258.644242188,5666423.61672318,832379.780049309,5666063.73798086
831274.580004228,5666425.94851273,832384.503386938,5666063.25578631
831323.200791395,5666433.73081403,832384.722963153,5666063.23337029
831348.247615557,5666463.47895582,832402.884141704,5666111.16753577
831330.005295206,5666480.9133843,832431.290252383,5666108.1673163
831289.581536703,5666521.30157749,832437.405749195,5666122.98163685
831285.499924377,5666525.99842965,832439.438597505,5666127.96461691
830826.210027414,5666473.36787276,831310.649095301,5666215.32976473
830709.273040849,5666368.84179412,831130.975275212,5666037.04069619
830704.196349931,5666367.27978003,831110.649988495,5666050.70576127
830772.682729201,5666401.74551185,831394.194518132,5666122.91845855
830830.671306909,5666337.11116833,831048.184991066,5666199.87801059
830824.599206938,5666321.047293,831048.361885807,5666199.49405499
830885.18101353,5666457.63851994,831388.438654979,5666218.86179888
830677.795035497,5666441.02131582,831020.466565309,5666261.56321761
830847.291346741,5666471.46211609,831385.62733437,5666176.36038069
830632.19169131,5666370.76064938,830902.567528661,5666172.02126647
830655.063232502,5666415.16229664,830983.850313947,5666206.52565385
830566.110028946,5666325.10291355,830788.71016775,5666190.20890032
830561.019860751,5666296.17051691,831070.322025187,5666020.59788261
830685.132310401,5666427.21219443,831264.974124756,5666107.82466955
830841.592318177,5666331.1086832,831240.673798788,5666100.46997009
830852.883734021,5666391.48244537,831251.842765844,5666208.90360413
832329.434719678,5667637.43289622,831983.506196376,5668159.54824111
832373.874819216,5667612.36774431,831983.078982953,5668166.47876828
832427.743928914,5667581.92816577,831979.817977901,5668221.44378924
832227.902301357,5667513.83695372,831937.948128048,5668157.83518096
832431.265152366,5667529.53831967,831988.25979982,5668207.36572654
832297.860942523,5667629.68361344,831964.029986885,5668140.39147031
832297.699059841,5667627.7862556,831986.951622484,5668104.64738485
832206.902990732,5667742.94430051,831911.449702149,5668216.37628537
832508.539649661,5667628.67039442,832055.602126319,5668248.73637997
832503.387040593,5667645.35190029,832107.956264194,5668215.36688848
832394.002357997,5667710.44915488,831956.881600633,5668296.7771643
832465.760327272,5667667.28826706,832055.908613978,5668244.04589395
832502.596869161,5667655.46420547,832051.652654617,5668309.15690358
832496.749835275,5667603.89434397,831954.210400086,5668343.8936962
832513.957590908,5667611.12335345,832055.60374175,5668248.7116574
834436.013769591,5668473.26689816,833702.299164161,5667952.15669396
834416.121644548,5668482.91467842,833708.60124962,5667972.79178922
834416.214444887,5668491.12004861,833400.990486253,5667844.63668571
834389.880646929,5668503.60860207,833621.339350194,5668052.50394892
834371.391175207,5668512.29423838,833308.256132878,5667865.48152094
834141.694146525,5668646.50418748,833193.30888037,5667903.42632048
834045.983996039,5668665.25421272,833311.429670821,5668102.81135608
834418.31420559,5668506.19616883,833666.388992814,5668034.55651929
834462.826171596,5668485.94112818,833696.375652869,5667932.76053602
834278.984273933,5668569.5978489,833351.009335007,5667960.62540427
834459.928912571,5668487.25951747,833697.970800294,5667937.98388285
834413.224535113,5668508.51220857,833424.017800924,5667914.82957604
834451.637401586,5668491.03254543,833705.602562439,5667962.97310363
834330.419861855,5668523.3818697,833435.814065122,5667950.91151718
834330.085071912,5668523.53182843,833449.018781015,5667991.15544672
834264.99348055,5668552.98299699,833433.263395802,5667981.22111642
834083.609067168,5668647.79250145,833301.658670318,5668075.50566087
834215.248373511,5668595.15877955,833248.637684364,5667927.0257848
834213.011828608,5668596.25267293,833248.926956022,5667927.83664261
834221.314627904,5668592.31747457,833221.608472659,5667891.70199858
832483.128147752,5667238.8269911,832272.084152931,5667714.70935362
832486.90137222,5667236.0522221,832303.286716509,5667693.44067399
832490.069929494,5667153.34423773,832294.105750412,5667585.57188712
832542.786854413,5667185.83890347,832315.925574771,5667746.67415372
832554.873741865,5667187.40815678,832317.057981757,5667750.26711663
832515.371074837,5667174.46493425,832303.381445318,5667694.5511308
832488.758996734,5667257.21436087,832334.17144592,5667634.78038351
832487.369012539,5667272.1812251,832318.345774808,5667709.37902232
832488.086951347,5667252.43809767,832296.455410169,5667712.77013463
832487.150215325,5667274.42920227,832312.574775698,5667736.04117553
832492.906535811,5667218.60200543,832299.881162425,5667653.37952214
832494.802441337,5667199.54249335,832298.809733086,5667640.80800034
832492.861706675,5667218.99033323,832308.623131147,5667649.08659616
832511.345435241,5667345.97208873,832318.776926334,5667755.72107814
832512.951420659,5667331.74301064,832339.898010875,5667703.75196372
832510.888586339,5667350.01978345,832343.905338488,5667702.6337081
832529.910072009,5667179.96531632,832314.162868845,5667741.08134381
832533.457280569,5667147.69371644,832307.155476542,5667718.84067205
832508.1360714,5667374.82718668,832334.126638129,5667804.43986629
832523.984018491,5667233.90116572,832334.238987421,5667705.32885721
833792.951013232,5666718.29259256,833050.896422077,5666192.57944034
833944.995742372,5666777.20644529,833103.893157045,5666216.88129157
833903.498182183,5666884.46963213,832693.153208659,5666309.69468035
833744.841121362,5666901.08383293,832685.694614983,5666316.01666287
833623.121155657,5666740.80718764,832670.507147089,5666267.0567615
833635.190940722,5666745.32520399,832613.831483499,5666237.68669047
833915.975303345,5666828.05295417,832913.03508569,5666225.41147864
833929.709878377,5666803.98658991,833105.854451239,5666230.17354773
833915.27042971,5666829.2880667,832847.924600936,5666235.87268115
833925.19419054,5666893.49306575,832647.029884612,5666211.70209334
833926.209849833,5666893.91540706,832784.238816458,5666282.47857852
834043.855282931,5666942.8281043,832617.890863076,5666145.66178653
833567.643534557,5666918.478057,832631.487139125,5666306.59728308
833939.276570132,5666723.2692709,833117.527774569,5666176.04862256
833629.44530401,5666753.31640308,832693.499643094,5666308.90115524
834010.736630434,5666860.81512617,832970.427457766,5666228.18229801
833527.410822138,5666918.0275587,832488.741349078,5666256.5034832
833254.302194014,5667754.81417786,832758.846553434,5668177.37061952
833275.987501469,5667748.00521916,832785.996542508,5668170.46580983
833241.916051256,5667758.70329654,832526.585452565,5668371.49740041
833130.651343068,5667588.75128477,832581.24529965,5668127.34085488
833142.354548074,5667652.87402873,832500.519090052,5668320.21575272
833299.748742182,5667658.05740857,832520.492502061,5668359.5185259
833319.131115636,5667744.03874175,832684.738042985,5668343.39872885
833334.193576903,5667808.81170593,832934.443336555,5668276.56016243
833240.144903539,5667572.7971245,832503.14788058,5668323.37651458
833275.829091583,5667573.47311089,832538.763275777,5668288.0789332
833444.505096757,5667687.72129484,833008.974147846,5668286.06000498
833238.902277243,5667620.94976789,832506.538115693,5668321.57488613
833293.156395179,5667637.72451103,832505.623140592,5668330.28503467
833186.787119461,5667604.93587008,832592.287172898,5668151.8507347
833454.218209789,5667640.1788628,832925.126286061,5668280.62106104
833313.706843981,5667722.16522451,832537.228948679,5668391.67450949
833047.824915255,5667575.37772622,832402.053107062,5668141.18729332
833869.679092348,5668954.39279913,833996.977152282,5668687.85451961
833843.575776693,5668896.10898854,833926.316653571,5668676.2740324
833912.562009772,5668982.67493911,834217.989140821,5668593.86749071
834013.936053758,5668943.71201055,834264.519217508,5668560.80309947
834012.586809884,5668944.29539941,834237.695307526,5668584.68240723
834058.904333615,5668924.04636641,834155.149403765,5668771.54480996
834065.737943896,5668901.6739428,834153.388316019,5668751.42331678
833997.826545678,5668899.62653559,834157.131316795,5668683.93620983
833960.918646403,5668817.7919642,834042.65564995,5668666.78913391
833998.877874795,5668901.95819622,834229.206845218,5668588.63889639
833973.390012821,5668845.43066059,834167.171995196,5668603.94413304
833809.831655541,5668820.70727486,833907.289335131,5668653.27028215
833875.095517657,5668965.02302849,834137.467629788,5668636.20792647
833889.4014324,5668977.92302622,834200.012068048,5668602.50284174
833937.269443385,5668923.26324653,834223.699429292,5668578.20141876
833920.795214489,5668885.8738424,834145.726369055,5668613.69066085
833919.455257995,5668882.83271828,834004.071158811,5668684.58300257
833908.242298639,5668857.38412997,833959.504254595,5668705.13575878
833934.55884022,5668917.1113448,834166.587531555,5668618.01927429
832696.097401558,5668519.99699087,832863.527930253,5668711.85719228
832655.538582811,5668527.10540817,832878.457697875,5668742.39972896
832510.075015579,5668535.88774868,832895.025704577,5668776.29368936
832584.085825191,5668479.55957842,832879.926333106,5668745.40418601
832477.79465537,5668531.45150132,832794.691970839,5668726.25575647
832557.946345942,5668641.75210731,832860.882735914,5668812.04011884
832567.510007792,5668662.77152711,832781.805718201,5668878.05046033
832540.275637161,5668602.90403631,832910.054842797,5668806.86557425
832561.72610473,5668650.05969897,832888.169014228,5668974.45269815
832588.314475299,5668539.84402141,832912.563411566,5668787.62879789
832752.8531804,5668486.04369898,833073.347405969,5668724.27184496
832356.895596793,5668661.43391897,832849.340415542,5668993.99357081
832356.660092085,5668655.21386015,832867.670485303,5668984.76878364
832322.471366161,5668520.53495866,832809.068921397,5668933.40419106
832469.024243632,5668562.45260366,832906.790685426,5668800.26599242
832732.31638508,5668513.22411317,833071.539148655,5668724.98427357
832343.693681699,5668588.31114838,832812.377789918,5668942.32321517
832291.03153956,5668607.79273303,832816.549052408,5668950.80020048
833895.633883955,5666236.21247003,832619.592169393,5666921.29133244
833896.268558467,5666241.79640286,832626.052245876,5666923.85044868
833895.999640564,5666239.43043498,832623.587049783,5666922.87387768
833909.190298245,5666355.4441115,832659.141756918,5666937.0796223
833910.425038264,5666366.31305228,832665.776908754,5666939.76240842
833896.815418655,5666246.60773606,832627.002775886,5666924.22699482
833899.408542584,5666269.40602998,832638.560202125,5666928.80539221
833903.182743724,5666302.58422305,832642.032349875,5666930.1808604
833903.985929035,5666309.64621538,832642.782557171,5666930.47805002
833904.764519644,5666316.49326455,832647.302224331,5666932.29255269
833910.183136332,5666364.18368276,832664.533647397,5666939.25972146
833898.249683977,5666259.2187524,832632.955037303,5666926.58494351
833902.418249454,5666295.86371782,832639.086509567,5666929.0138854
833909.330076765,5666356.67452797,832661.042466305,5666937.84813474
833925.494179771,5666378.03009291,832670.389196482,5666941.62729137
833887.819244363,5666225.78823613,832617.12582302,5666920.31430575
833890.227258282,5666369.05103781,832664.24162689,5666939.14164902
833920.500729027,5666366.25168095,832666.21798019,5666939.94074652
833925.762979203,5666365.71815779,832666.472607675,5666940.04369986
834912.366051065,5667468.69756714,834645.288084926,5668202.23717209
834693.253082014,5667452.79394138,834463.48802137,5668271.79497686
834681.657164036,5667546.26087422,834556.446441049,5668140.42651722
834685.790866641,5667512.9418645,834507.414934071,5668287.82077504
834977.986866702,5667469.19605857,834667.102451462,5668203.1020977
834663.454532871,5667452.14047346,834412.600058982,5668096.4488027
834687.376402375,5667455.57731742,834420.84477689,5668114.62950336
834590.710199327,5667439.1345792,834342.383082917,5668215.65134257
834750.527413556,5667462.12940096,834573.511306517,5668166.70892631
834736.576883973,5667461.11612558,834570.86366294,5668140.71166016
834794.576450744,5667464.89855824,834593.805591468,5668165.43424958
834798.05072366,5667465.09903716,834560.475427159,5668305.96427157
834817.874589598,5667395.50531411,834584.02135014,5668209.11057239
834834.784747381,5667411.17721442,834574.989098342,5668275.16422464
834787.454349085,5667382.93634937,834595.430424447,5668125.63533276
835103.557533137,5667466.53461403,834749.920430032,5668179.09337941
835118.639156021,5667465.81375317,834806.065105582,5668138.50751368
834841.175173776,5667467.0833395,834564.665182143,5668318.6948203
831702.836319749,5666238.75212345,831804.456202778,5666687.3736873
831708.321218304,5666241.48979839,831831.012174737,5666650.72608677
831683.748715068,5666214.98658492,831787.559493176,5666695.53398411
831685.763252001,5666236.45578614,831786.42577596,5666696.82898949
831656.754591,5666243.54325116,831739.117442192,5666711.22634489
831706.795315848,5666241.19129647,831813.559143318,5666676.93058298
831761.451351159,5666266.83724265,831869.24423828,5666617.24514312
831738.267448192,5666252.05844573,831866.434857543,5666633.27370296
831719.981258254,5666155.68910388,831868.774697702,5666630.5209665
831528.822677347,5666148.76225654,831679.415404796,5666669.32884439
831528.223533767,5666148.65778126,831628.353685989,5666628.22889203
831456.902825256,5666136.29647994,831587.803662186,5666756.48490551
831512.344604054,5666145.88890317,831639.834240234,5666692.07235835
831483.287018763,5666140.83484376,831623.970239492,5666712.14078359
831536.992013637,5666150.18677926,831686.446997342,5666673.85050949
831736.73781254,5666153.18076916,831871.536781257,5666621.181332
831689.459781787,5666162.53250043,831852.872741316,5666633.81894939
831648.100266121,5666161.70740581,831750.202104663,5666720.33244888
831659.561000034,5666160.73136034,831775.770531789,5666719.7077044
831637.429467005,5666162.23962331,831718.748389289,5666696.77212164
833414.628620383,5666598.86221713,833351.217348436,5667851.3646284
833393.486599081,5666604.19790308,833316.485787777,5667733.69711563
833284.447221068,5666837.89483348,833223.824399848,5667764.38446001
833351.829427698,5666645.44553191,833290.525659296,5667702.39180568
833426.973311569,5666595.07640628,833415.372267733,5667796.09716816
833439.661018383,5666591.27217445,833475.707828702,5667770.50654772
833423.398614373,5666685.86668701,833347.714317109,5667951.06748365
833344.530559161,5666760.09285583,833278.303295305,5667875.46058947
833221.680954768,5666704.7782176,833181.431731476,5667734.98908628
833025.634795121,5666657.0119759,833158.907091715,5667701.17224407
833114.475211316,5666716.80914992,833162.24397535,5667710.88900808
833492.048574912,5666658.82237965,833546.047705539,5667722.09937744
833290.455291445,5666753.60450048,833213.756256924,5667725.16264203
833234.721277499,5666800.89914571,833194.067507552,5667773.73618089
833398.360813962,5666631.41830863,833330.250901294,5667900.41102367
833306.76567028,5666702.13630455,833244.08384192,5667886.85088489
831080.01252818,5666897.23608859,832426.370689476,5667582.70461269
831088.323722091,5666915.9551414,832399.415435438,5667597.93951873
831060.684248637,5666861.54690561,832456.914925948,5667495.93766426
831121.680745025,5666810.16656973,832484.106524655,5667476.02135212
831047.50561327,5666870.34500634,832454.218796502,5667570.75780149
831043.870882253,5666872.12739601,832471.695355142,5667590.92969931
831054.858840493,5666845.07418579,832452.012218615,5667487.39424552
831075.880301359,5666840.86110423,832437.66804766,5667478.51210478
831106.371590639,5666822.68482182,832413.299953269,5667463.71537385
831036.462412357,5666851.04363962,832444.005181082,5667522.81670855
831037.225721478,5666852.24961956,832414.78754229,5667528.26687156
831045.437682724,5666826.05584527,832463.571445571,5667488.90379092
831125.145168521,5666979.56347885,832398.640969356,5667598.37702502
831123.000046019,5666975.92226542,832399.410766169,5667597.94215645
831053.525767111,5666877.08062772,832496.328516771,5667603.73899296
831058.610483695,5666884.14841345,832429.846651919,5667580.73925962
831065.222594047,5666893.35097609,832406.075848026,5667594.17696217
831051.127316266,5666873.74771267,832450.635689607,5667568.98838431
834048.307384112,5667278.02854902,833184.00919275,5666883.24190264
834074.126121987,5667221.44214152,833332.927136334,5666872.86221031
834084.099138388,5667216.92267086,833300.839688688,5666842.11952748
834055.807130903,5667229.74375656,833190.340663934,5666875.13664092
834097.528900593,5667210.83670711,833223.559434265,5666792.70793288
834163.508526392,5667268.5516914,833228.159906182,5666826.16864198
834163.820393773,5667271.18036627,833347.712924998,5666883.51933609
834044.382922734,5667297.75089478,833119.530737387,5666965.78429146
834102.100509133,5667317.42762736,833170.649224719,5666900.34472667
834125.006563299,5667179.16546905,833341.139572725,5666791.15839455
834036.110407303,5667124.18342714,833288.327380406,5666755.78564028
834053.222332889,5667085.97069196,833383.866023044,5666788.82573642
834077.337864294,5667051.20066338,833365.723219597,5666759.75580441
834007.02246683,5667159.67472554,833195.601707096,5666758.11220439
834298.16920712,5667269.19734237,833323.326485706,5666813.58728578
834205.412367908,5667045.21030105,833237.036470639,5666706.96505243
833147.56867102,5667558.61542025,833323.26741145,5667760.09196692
833149.965951859,5667555.35143432,833408.767098983,5667800.50747969
832904.417453588,5667566.5792547,833198.467382825,5667826.31101114
832592.350145288,5667595.9877832,833019.406033846,5667958.59939303
832941.472455754,5667568.58157464,833289.655828221,5667871.67838674
832907.822179785,5667575.40905271,833360.897621123,5667989.30854252
833028.426219588,5667569.40837818,833429.256798611,5667930.85441263
833015.588877693,5667456.0189364,833336.475433861,5667819.04592119
833028.474451692,5667463.92390727,833423.689168108,5667913.82436712
832710.687196589,5667534.30686049,833166.431598273,5667912.64664278
832702.175409859,5667604.20352692,833011.801778225,5667926.47758376
833043.013559775,5667613.87776192,833440.054046443,5667963.88060247
832996.667597641,5667581.61052251,833177.03011601,5667757.11342232
832964.885546237,5667582.22313083,833328.032428438,5667893.97585757
832925.687545844,5667671.27383198,833189.097189654,5667904.87072102
832750.573816895,5667598.36613054,832985.823385344,5667843.52414803
832887.811228994,5667579.22556578,833319.427451712,5668021.88954178
832439.878915793,5667263.94342974,832770.581226385,5668522.30642513
832429.267199249,5667270.10695367,832762.84008692,5668506.8157337
832496.903964732,5667078.78475954,832845.982858024,5668579.16125844
832491.572205985,5667136.95436742,832824.734244077,5668711.6259299
832490.824850298,5667145.10803477,832792.269676682,5668566.49568903
832491.880806337,5667133.58753064,832822.573373304,5668628.04593728
832538.454872461,5667185.32795594,832914.112254434,5668551.59446721
832608.857151876,5667162.0154566,832912.913479069,5668536.97852606
832520.936135944,5667191.3284228,832800.261070855,5668492.31982213
832493.358919578,5667214.68327734,832771.556414106,5668524.42061552
832515.258559761,5667311.30169027,832773.318390796,5668527.99456242
832527.927007416,5667198.81215653,832883.518524908,5668564.07637245
832539.907181144,5667089.80294716,832912.437182235,5668535.80880107
832519.930987969,5667269.41794673,832800.531415284,5668583.28049575
832518.481160403,5667282.42690666,832789.712493839,5668561.30043634
832517.876441629,5667287.85290523,832775.256702912,5668531.93294811
834388.217497722,5668278.97027406,835006.951242224,5668148.32842232
834381.904268042,5668296.95702431,834999.315049816,5668166.22631656
834539.557336415,5668448.30985393,835041.501437662,5668224.89544151
834421.031381207,5668480.53343155,835063.686797691,5668178.64519279
834532.713586875,5668418.39848852,835066.276154639,5668159.26948373
834472.219475524,5668424.09413432,835049.357129437,5668157.7543986
834395.887661508,5668516.40130246,835067.685736874,5668292.44698186
834435.221629281,5668498.50249486,835281.402345069,5668162.6885195
834466.14106031,5668484.43269772,835233.929402205,5668178.82631693
834466.848912095,5668484.11059182,835161.89006356,5668179.35009704
834419.508459567,5668505.65272703,835055.730329512,5668261.60383512
834362.048308954,5668531.79980141,835195.246606677,5668266.468596
834343.319644547,5668517.6038137,835033.987095933,5668205.50957388
834547.558406822,5668405.72117497,835026.787411966,5668175.86773046
834504.298879986,5668434.69613507,835060.720438212,5668178.60973497
834503.547157971,5668442.58060879,835078.814362621,5668178.82601726
834560.963832875,5668335.68276016,835031.424219859,5668158.74434
834578.663788801,5668461.34677694,835111.929691633,5668292.30461452
834046.546795817,5667254.64234056,834601.219019796,5667358.82901744
834148.878191613,5667208.75604402,834212.944621171,5667225.93890723
834160.282369761,5667247.841221,834326.249569051,5667281.13782089
834300.750623845,5667330.0960687,834510.513932081,5667403.27835916
834304.64178093,5667316.11542757,834536.052571052,5667364.23536753
833779.283099261,5667175.19384908,834326.975783601,5667250.89340101
833816.145764312,5667196.03051339,834507.957739061,5667413.46883878
834137.009891113,5667328.99119603,834187.455196627,5667344.17844145
834227.872694001,5667355.79367246,834375.728143981,5667391.86984028
834323.731299368,5667258.76466029,834782.521121565,5667381.6993441
834053.116241757,5667135.31160441,834794.225468466,5667236.90436067
834012.899762046,5667147.74943571,834507.153533829,5667215.00983117
834004.311085539,5667165.17623713,834404.285559343,5667219.33790133
834382.114512757,5667297.19315642,834403.816119801,5667303.43010144
834299.427376316,5667269.8359722,834755.764760436,5667378.06535021
834509.068342297,5667200.68114787,833414.137796223,5666412.730872
834504.993220634,5667231.15572696,833406.755252219,5666414.50318539
834462.720552168,5667237.93258131,833357.63911225,5666412.04659342
834434.503290789,5667228.95827983,833346.542830069,5666411.47124425
834432.988887767,5667228.47666439,833327.425751906,5666410.47944408
834356.741175808,5667204.21351718,833261.160797942,5666407.04079871
834402.255586151,5667027.9311825,833394.420067867,5666283.17389658
834336.174435299,5667228.57707358,833192.377076338,5666403.48251998
834342.310991822,5667213.68952168,833254.187122585,5666406.67962625
834338.547037879,5667222.82103696,833222.384165916,5666405.03378699
834393.696133196,5667090.02826503,833507.794901831,5666405.1491229
834728.665647203,5667147.15018985,833600.623143395,5666283.67778927
834734.641105153,5667101.75544266,833615.500064859,5666280.80082026
834722.990856113,5667189.55740627,833590.221675625,5666397.25858231
834723.616831074,5667184.8790598,833383.690133693,5666211.28522729
834399.273931976,5667051.31261244,833395.743242501,5666292.03893359
834385.062725069,5667083.86826219,833412.234695988,5666400.43305189
834409.758532843,5667094.07248759,833314.397348769,5666240.96772703
834454.375213135,5667112.50290719,833539.52567752,5666407.96778863
834408.946028793,5667093.73692503,833543.641078226,5666421.74031952
831449.363418715,5668045.01982753,832213.395361946,5667711.93443812
831415.295114211,5668091.35668235,832251.879101729,5667716.13720418
831472.867840304,5668013.32848384,832299.763740277,5667652.0033746
831462.412110776,5668027.32305976,832314.450641759,5667645.81989798
831480.932949432,5668002.53365774,832363.880505894,5667618.01435243
831433.821289861,5668066.15061916,832219.504075703,5667711.7168024
831453.572975243,5668039.29659215,832301.040839896,5667667.07423423
831432.16475969,5668068.40280701,832197.494331561,5667731.69346892
831448.623531648,5668046.02576434,832217.903253412,5667711.77383505
831477.16543563,5668007.57632433,832353.521228293,5667623.8660782
831473.078865777,5668199.17646991,832212.195791168,5667792.70532835
831421.226220949,5668166.03432371,832211.000288372,5667769.04921815
831407.919820942,5668156.37058854,832319.136414537,5667709.20365359
831496.02465132,5667982.03653933,832297.51660239,5667625.6477497
831500.388875402,5667976.09074805,832295.560477137,5667602.70976196
831376.771145043,5668149.50963386,832283.572255573,5667713.94743502
831379.937185137,5668144.09299025,832213.576607986,5667736.65416062
831490.354697302,5668204.17601176,832403.17377203,5667800.69642313
831387.232355935,5668141.85096223,832205.680807638,5667741.24280502
830716.553368667,5666372.06347242,832031.35566104,5666540.57090125
830726.684958506,5666376.54688385,831909.492210244,5666556.82213551
830709.229766778,5666368.82264455,832123.473138331,5666507.17306547
830765.999380272,5666396.77460334,831954.249803777,5666580.32709903
830827.234515896,5666476.0572976,831864.786632367,5666627.14313491
830682.919716238,5666425.73175779,831878.478504547,5666575.96519861
830669.320308776,5666432.8722246,831873.200737066,5666583.01968489
830668.807843034,5666409.58659324,831949.195830118,5666583.23669948
830659.111219851,5666443.36817835,831930.459700904,5666594.02800055
830648.871831543,5666408.12652029,831878.863094275,5666575.65979211
830716.626346715,5666558.27082647,831839.706298865,5666643.68213978
830615.242967089,5666352.81791051,832195.875090522,5666489.45325752
830690.253517168,5666432.88677027,831940.870213453,5666588.03193947
830759.6260199,5666547.9252369,831855.260142866,5666632.21510141
830844.874589166,5666339.70880272,831903.805848301,5666420.27127773
830671.715910792,5666445.38021141,831879.465259436,5666621.91309762
831463.641261779,5666371.35277133,831920.736470818,5667344.1296827
831533.875871923,5666418.23502178,831934.858222611,5667353.98808839
831498.523657262,5666394.57190212,831924.364161368,5667331.01597002
831449.14789715,5666361.79981723,831859.099636662,5667537.56319424
831451.746849024,5666363.49661451,831907.591586447,5667587.13958255
831454.601049861,5666365.36005809,831823.912786274,5667357.13963159
831398.118901247,5666316.6290754,831808.901531716,5667485.5472412
831378.557401873,5666427.27405297,831791.548830087,5667554.42575403
831540.59020645,5666303.62550046,831944.050739751,5667360.19094852
831570.027787322,5666323.49856574,831968.71273088,5667377.78175611
831553.617242368,5666312.63428472,832009.876958562,5667493.76766626
831595.671057362,5666327.9832554,832016.789841176,5667496.18271141
831624.832955747,5666283.51162632,832025.284038731,5667462.69206229
831471.455853324,5666518.11416626,831846.612582521,5667564.43546615
831466.69841024,5666525.30771103,831741.55083524,5667390.80818426
831364.55815501,5666444.43434626,831742.601457299,5667527.25426018
831463.576843819,5666360.48354074,831932.945399332,5667356.21575633
831495.035053739,5666531.73838958,831828.801673173,5667508.32474453
831427.818214426,5666347.87414673,832642.630810358,5666260.6388591
831560.907743427,5666317.46081866,832704.94010097,5666244.07034033
831558.755719104,5666270.98521411,832591.909401162,5666192.97092944
831616.347255298,5666296.48060702,832649.400912847,5666217.0477307
831615.583652768,5666297.64764639,832654.574471931,5666228.62569838
831607.108761445,5666310.60010714,832617.95931606,5666246.41317042
831600.556651949,5666320.56172981,832663.930362309,5666249.44290088
831464.034007146,5666529.33645139,832667.870801368,5666427.57692371
831483.447680329,5666499.78151467,832687.936374867,5666419.2393363
831533.976715121,5666422.52568847,832773.533954698,5666270.05095131
831526.651229614,5666433.61974145,832784.275200814,5666285.84998331
831523.763141926,5666438.04264721,832595.01489172,5666356.51014237
831519.730214447,5666311.53522523,832657.48548238,5666234.95682383
831501.801887262,5666327.13329579,832664.474342576,5666252.22261888
831564.524906805,5666375.79037252,832632.318090327,5666281.316293
831545.208771826,5666405.36714055,832634.703779936,5666282.17909142
831575.978796626,5666358.17169232,832784.316097703,5666255.06632664
831971.429080227,5667823.55822343,832524.335031742,5668415.90542947
832070.697307836,5667733.82744765,832422.861123763,5668145.59376898
832000.853866161,5667821.90081174,832554.636583882,5668369.46653278
832126.94975172,5667718.03982878,832445.657107285,5668138.71728432
832111.55212478,5667718.01461884,832428.078407188,5668141.43918303
832023.436580127,5667681.3193266,832549.921036709,5668298.67393072
832018.064697569,5667677.67884436,832551.133251887,5668312.60803844
832073.574268796,5667609.76836248,832676.53981546,5668327.16891642
832171.060162226,5667734.24857539,832562.116585813,5668217.40852675
832224.330771391,5667814.87801482,832636.388044394,5668330.39970332
832226.197086243,5667817.02262627,832641.997649206,5668327.60279478
831992.396077237,5667821.22951668,832540.534566517,5668397.85671992
831974.621868062,5667648.48148124,832400.567072017,5668141.09998284
832009.317301457,5667807.9683103,832476.701988783,5668264.7379768
831901.622105219,5667717.09025932,832555.360586012,5668369.11163409
831874.83520526,5667664.07258761,832456.633092125,5668226.77855931
831167.112148046,5666954.6259761,832157.139135446,5667226.14968292
831187.059216407,5666853.34665824,832044.479925139,5667095.39794785
831084.179120537,5666906.49552374,832192.382503831,5667206.61586558
831213.630265702,5666912.05982004,832250.589063485,5667172.83576617
831141.484366148,5666812.44645996,832219.126171543,5667134.91904515
831151.51773365,5666826.14849481,832208.840359325,5667141.30351222
831326.469854261,5667077.15351664,832056.795359792,5667263.77925489
831268.369934991,5666954.58502524,832017.948359706,5667145.38633541
831287.009938803,5666804.60350399,832158.421855778,5666993.08765993
830924.263116991,5666927.42793156,832046.309957448,5667209.70183546
830997.603059631,5666893.94436912,832035.415240244,5667187.33077961
831423.410668007,5666965.64618441,832181.911362894,5667157.09431138
831313.538992378,5667053.18498032,831980.358911464,5667237.60809227
831199.924259281,5666924.64524983,832164.088038257,5667173.32538157
831222.746897813,5666923.73138329,832028.576944732,5667126.47652103
831137.635109434,5667002.20749497,831984.256625674,5667227.38730477
831308.680986698,5667026.56782181,832051.853774057,5667221.08388789
832329.589916644,5667328.50303498,832295.333948668,5667349.66431449
832356.249807913,5667312.65543224,832150.800120591,5667364.2518151
832431.592955467,5667268.75610209,832176.405874126,5667331.57344016
832474.844384842,5667243.63699477,832194.028687204,5667302.91617157
832444.259909299,5667204.90285442,832113.201619627,5667310.35738383
832394.126316779,5667206.99302056,832186.635691192,5667252.78886033
832403.519481601,5667224.54346307,832232.519588757,5667289.75887522
832396.696294287,5667211.79483585,832188.112665608,5667253.66268248
832601.686175626,5667166.24142736,832233.494055551,5667291.80150408
832509.878666286,5667178.29757969,832177.015154753,5667233.76245497
832487.778811521,5667267.97084809,832292.989991032,5667351.1127725
832512.863555589,5667332.52149775,832189.630896851,5667420.47543257
832511.281936039,5667346.53469352,832361.833780408,5667431.21346469
832512.946117681,5667331.78999518,832263.118507546,5667369.66363299
832516.977717818,5667295.91694148,832270.49018502,5667365.03505412
830529.678035661,5666166.05183598,831718.225056638,5665990.12918319
830526.109497979,5666169.46894382,831432.30882452,5666041.16800463
830688.656260922,5666363.05477826,831483.855141487,5666130.36032801
830657.03827796,5666358.03074677,831631.446652378,5666075.71097959
830479.696099316,5666209.82235258,831191.088821289,5666084.01157753
830491.682823624,5666223.55427126,831422.020027081,5666061.08835879
830497.490180897,5666230.17647828,831634.039803551,5666066.5897538
830655.174992432,5666395.21868033,831397.869446973,5666169.36833434
830682.535724679,5666424.30649206,831534.721401705,5666139.07538643
830679.74991697,5666421.12044609,831534.32496893,5666139.0074645
830432.020995327,5666180.09198796,831430.163686815,5665989.51680597
830660.686236138,5666451.3034999,831520.800294612,5666147.36335874
830607.373202675,5666367.15608743,831455.055613365,5666125.42602442
830596.283486021,5666356.39817885,831401.178304542,5666136.63388686
830598.113747563,5666334.72339913,831582.012414431,5666086.43013901
830544.655942747,5666302.79089701,831383.069709399,5666117.20515847
830596.770956818,5666333.30462417,831358.769794588,5666130.2184248
830630.958677726,5666186.36293609,831241.679663267,5666084.16599271
832209.360541926,5667140.98063167,833083.883714862,5667498.20899067
832203.591368609,5667144.56159312,833070.68958606,5667495.44355938
832208.591521663,5667141.45796729,833085.993149194,5667499.55727983
832212.098924523,5667139.28090071,833068.913096781,5667488.73198423
832202.107353734,5667145.4827303,833060.014722809,5667522.32503026
832210.370203509,5667140.3539285,833069.857855599,5667489.31156966
832202.743132804,5667145.08809832,833103.452047366,5667510.43349592
832233.658011409,5667125.86215163,833082.718159963,5667464.89943903
832233.045601835,5667126.24708349,833082.136121827,5667466.37142247
832231.138626675,5667127.44571841,833081.365998741,5667468.31907563
832224.988339266,5667131.276165,833073.955148679,5667487.16396865
832225.798177623,5667130.77289166,833074.05352516,5667486.91247399
832238.115323166,5667123.06049506,833099.091123947,5667423.49196039
832223.805038827,5667132.01152602,833056.699311549,5667481.23913863
832237.986664942,5667123.14136357,833090.232914511,5667445.89450879
832229.278297628,5667128.61017415,833077.740488241,5667477.48804765
832223.400475992,5667132.26294124,833067.316946981,5667487.75278706
831451.12283964,5668969.461288,831158.660098626,5668352.85998369
831373.011059067,5668974.30849717,831064.58730695,5668289.80680318
831452.372494196,5668841.16421606,831292.992433378,5668449.86745481
831434.462993957,5668837.89994875,831172.018846929,5668361.90594687
831536.652706858,5668890.44965815,831274.460269433,5668380.14866205
831528.088544825,5668898.04145543,831317.928340178,5668468.03414156
831508.356605889,5668934.37726905,831274.334778613,5668380.63921484
831756.395369912,5668805.22929645,831380.866689809,5668376.1630123
831718.173213317,5668819.34498529,831412.325856099,5668428.11973095
831805.494977346,5668787.20068284,831418.310517127,5668411.9647729
831631.903449656,5668714.60098801,831381.326456767,5668417.60269848
831607.295386029,5668759.36111025,831294.010937917,5668304.06990411
831842.991633923,5668773.40829587,831423.736358719,5668407.33379024
831604.964421383,5668861.62011376,831287.655612752,5668311.47186245
831544.332509062,5668873.33050138,831331.176743996,5668477.6855867
831549.589606727,5668863.1186078,831283.939997346,5668309.23806962
831548.86449899,5668864.52712701,831284.468992029,5668341.02383416
